-- phpMyAdmin SQL Dump
-- version 5.2.2
-- https://www.phpmyadmin.net/
--
-- Host: localhost:3306
-- Generation Time: Jan 29, 2026 at 11:05 AM
-- Server version: 10.11.14-MariaDB-cll-lve-log
-- PHP Version: 8.4.16

SET SQL_MODE = "NO_AUTO_VALUE_ON_ZERO";
START TRANSACTION;
SET time_zone = "+00:00";


/*!40101 SET @OLD_CHARACTER_SET_CLIENT=@@CHARACTER_SET_CLIENT */;
/*!40101 SET @OLD_CHARACTER_SET_RESULTS=@@CHARACTER_SET_RESULTS */;
/*!40101 SET @OLD_COLLATION_CONNECTION=@@COLLATION_CONNECTION */;
/*!40101 SET NAMES utf8mb4 */;

--
-- Database: `zteypszw_cb_webapp`
--

-- --------------------------------------------------------

--
-- Table structure for table `lessons`
--

CREATE TABLE `lessons` (
  `les_id` int(11) NOT NULL,
  `les_title` varchar(200) NOT NULL,
  `les_desc` text DEFAULT NULL COMMENT 'คำอธิบายสั้นๆ',
  `les_content` longtext DEFAULT NULL COMMENT 'เนื้อหาบทเรียน HTML',
  `les_video_url` varchar(255) DEFAULT NULL COMMENT 'ลิงก์ YouTube หรือไฟล์วิดีโอ',
  `les_file` varchar(255) DEFAULT NULL COMMENT 'ชื่อไฟล์เอกสารประกอบ',
  `les_order` int(11) DEFAULT 0 COMMENT 'ลำดับบทเรียน 1, 2, 3',
  `les_status` enum('active','inactive') DEFAULT 'active'
) ENGINE=InnoDB DEFAULT CHARSET=utf8mb4 COLLATE=utf8mb4_general_ci;

--
-- Dumping data for table `lessons`
--

INSERT INTO `lessons` (`les_id`, `les_title`, `les_desc`, `les_content`, `les_video_url`, `les_file`, `les_order`, `les_status`) VALUES
(1, 'บทที่ 1: ความรู้พื้นฐานความปลอดภัยทางไซเบอร์ (Cybersecurity Fundamentals)', 'ปูพื้นฐานความเข้าใจเกี่ยวกับ CIA Triad, ประเภทของแฮกเกอร์, ภัยคุกคาม และหลักการป้องกันขั้นพื้นฐาน', '<div class=\"lesson-content\">\r\n        <h3>1. Cybersecurity คืออะไร?</h3>\r\n        <p>คือการปฏิบัติการเพื่อปกป้องระบบเครือข่าย อุปกรณ์ และข้อมูลจากการถูกโจมตีทางดิจิทัล เป้าหมายคือเพื่อรักษาทรัพย์สิน (Assets) ขององค์กร ไม่ว่าจะเป็นข้อมูลลูกค้า, รหัสผ่าน หรือแม้แต่ชื่อเสียง</p>\r\n        \r\n        <h3>2. หัวใจสำคัญ: CIA Triad</h3>\r\n        <p>ระบบความปลอดภัยที่ดีต้องประกอบด้วย 3 องค์ประกอบหลัก:</p>\r\n        <ul>\r\n            <li><strong>Confidentiality (ความลับ):</strong> ข้อมูลต้องเข้าถึงได้เฉพาะผู้ที่มีสิทธิ์เท่านั้น การโจมตีเช่น การขโมยฐานข้อมูลลูกค้า, การดักฟัง (Sniffing), หรือการแอบดูรหัสผ่าน (Shoulder Surfing) ถือเป็นการละเมิดข้อนี้</li>\r\n            <li><strong>Integrity (ความถูกต้องครบถ้วน):</strong> ข้อมูลต้องไม่ถูกเปลี่ยนแปลงแก้ไขโดยไม่ได้รับอนุญาต เช่น การที่แฮกเกอร์แอบแก้เกรด หรือเปลี่ยนแปลงยอดเงินในบัญชี</li>\r\n            <li><strong>Availability (ความพร้อมใช้งาน):</strong> ระบบต้องพร้อมใช้งานเมื่อผู้ใช้ต้องการ การโจมตีแบบ DDoS ที่ทำให้เว็บล่ม ถือเป็นการทำลาย Availability</li>\r\n        </ul>\r\n\r\n        <h3>3. ประเภทของ Hacker</h3>\r\n        <ul>\r\n            <li><strong>White Hat (หมวกขาว):</strong> แฮกเกอร์สายขาว หรือ Ethical Hacker เจาะระบบเพื่อหาช่องโหว่และแจ้งเจ้าของให้แก้ไข (ได้รับอนุญาตถูกต้อง)</li>\r\n            <li><strong>Black Hat (หมวกดำ):</strong> แฮกเกอร์สายมืด เจาะระบบเพื่อขโมยข้อมูล หรือทำลายเพื่อผลประโยชน์ส่วนตัว (ผิดกฎหมาย)</li>\r\n            <li><strong>Grey Hat (หมวกเทา):</strong> กึ่งกลาง อาจเจาะโดยไม่ได้ขออนุญาตแต่ไม่ได้มุ่งร้าย แต่อาจเรียกค่าตอบแทนเพื่อบอกช่องโหว่</li>\r\n        </ul>\r\n\r\n        <h3>4. ศัพท์เทคนิคที่ต้องรู้</h3>\r\n        <ul>\r\n            <li><strong>Vulnerability (ช่องโหว่):</strong> จุดอ่อนในระบบ เช่น ซอฟต์แวร์ที่ไม่อัปเดต หรือรหัสผ่านที่ตั้งง่ายเกินไป</li>\r\n            <li><strong>Threat (ภัยคุกคาม):</strong> สิ่งที่อาจก่อให้เกิดความเสียหาย เช่น ไวรัส, แฮกเกอร์, หรือภัยธรรมชาติ</li>\r\n            <li><strong>Risk (ความเสี่ยง):</strong> โอกาสที่จะเกิดความเสียหาย คำนวณจาก <em>Threat x Vulnerability</em></li>\r\n            <li><strong>Zero-day Vulnerability:</strong> ช่องโหว่ใหม่ล่าสุดที่เพิ่งถูกค้นพบและ \"ยังไม่มีแพตช์แก้ไข\" จากผู้พัฒนา</li>\r\n        </ul>\r\n\r\n        <h3>5. หลักการป้องกัน (Defense Strategies)</h3>\r\n        <ul>\r\n            <li><strong>Defense in Depth:</strong> การสร้างเกราะป้องกันหลายชั้น (Layered Security) เช่น มีทั้ง Firewall, Antivirus, และการอบรมพนักงาน เปรียบเหมือนบ้านที่มีทั้งรั้ว ประตู และตู้เซฟ</li>\r\n            <li><strong>Least Privilege:</strong> ให้สิทธิ์ผู้ใช้งาน \"เท่าที่จำเป็น\" เท่านั้น (เช่น พนักงานทั่วไปไม่ควรได้สิทธิ์ Admin)</li>\r\n        </ul>\r\n\r\n        <h3>6. ภัยคุกคามอื่นๆ</h3>\r\n        <ul>\r\n            <li><strong>Social Engineering:</strong> การโจมตีที่จุดอ่อนของ \"มนุษย์\" (Human) เช่น การหลอกถามรหัสผ่าน</li>\r\n            <li><strong>Insider Threat:</strong> ภัยจากคนในองค์กรเอง เช่น พนักงานที่ถูกไล่ออกแล้วแค้น หรือพนักงานที่ประมาท</li>\r\n            <li><strong>Physical Security:</strong> ความปลอดภัยทางกายภาพ เช่น การล็อกประตูห้อง Server, การติดกล้องวงจรปิด, หรือการป้องกัน Dumpster Diving (การคุ้ยขยะหาข้อมูลสำคัญ)</li>\r\n        </ul>\r\n    </div>', 'https://www.youtube.com/embed/1-2w3_Yif58', NULL, 1, 'active'),
(2, 'บทที่ 2: รหัสผ่านและการยืนยันตัวตน (Authentication & Password Security)', 'เจาะลึกเทคนิคการตั้งรหัสผ่าน, การโจมตีรหัสผ่าน และระบบ Multi-Factor Authentication (MFA)', '<div class=\"lesson-content\">\r\n        <h3>1. Authentication Factors (ปัจจัยการยืนยันตัวตน)</h3>\r\n        <p>การพิสูจน์ว่า \"คุณคือใคร\" แบ่งเป็น 3 ประเภทหลัก:</p>\r\n        <ul>\r\n            <li><strong>Something you know (สิ่งที่คุณรู้):</strong> เช่น รหัสผ่าน (Password), รหัส PIN, คำถามกันลืม</li>\r\n            <li><strong>Something you have (สิ่งที่คุณมี):</strong> เช่น โทรศัพท์มือถือ (รับ OTP), บัตรสมาร์ทการ์ด, กุญแจ, Token</li>\r\n            <li><strong>Something you are (สิ่งที่คุณเป็น):</strong> เช่น ลายนิ้วมือ, ใบหน้า (Face ID), ม่านตา (Biometrics)</li>\r\n        </ul>\r\n        <p><strong>2FA/MFA (Two-Factor/Multi-Factor Authentication)</strong> คือการใช้ปัจจัยตั้งแต่ 2 อย่างขึ้นไปมารวมกันเพื่อความปลอดภัยสูงสุด เช่น ใช้รหัสผ่าน (Know) + OTP (Have)</p>\r\n\r\n        <h3>2. การโจมตีรหัสผ่าน (Password Attacks)</h3>\r\n        <ul>\r\n            <li><strong>Brute Force Attack:</strong> การเดาสุ่มรหัสผ่านทุกความเป็นไปได้ (ไล่ตั้งแต่ A-Z, 0-9) วิธีป้องกันคือตั้งรหัสให้ยาวและซับซ้อน หรือใช้ Account Lockout (ล็อกบัญชีเมื่อใส่ผิดเกินกำหนด)</li>\r\n            <li><strong>Dictionary Attack:</strong> การใช้ \"พจนานุกรม\" หรือคลังคำศัพท์ยอดฮิต (เช่น password, 123456, admin) มาไล่ลอง</li>\r\n        </ul>\r\n\r\n        <h3>3. เทคนิคการจัดการรหัสผ่าน</h3>\r\n        <ul>\r\n            <li><strong>ความยาวและความซับซ้อน:</strong> ควรยาวอย่างน้อย 8-12 ตัวอักษร ผสมตัวเล็ก ใหญ่ ตัวเลข และอักขระพิเศษ</li>\r\n            <li><strong>Passphrase:</strong> ใช้ประโยคยาวๆ ที่จำง่ายแต่แฮกยาก เช่น \"Blue-Elephant-Jump-High-2024\"</li>\r\n            <li><strong>Password Manager:</strong> โปรแกรมช่วยจำรหัสผ่าน ทำให้เราไม่ต้องจำเองและสามารถตั้งรหัสผ่านที่ยากมากๆ ได้ในแต่ละเว็บ</li>\r\n            <li><strong>Salting & Hashing:</strong> การเก็บรหัสผ่านใน Database ห้ามเก็บเป็นข้อความธรรมดา (Plain Text) แต่ต้องเข้ารหัสทางเดียว (Hash) และเติมค่าสุ่ม (Salt) เพื่อป้องกันการแกะรหัสด้วย Rainbow Table</li>\r\n        </ul>\r\n\r\n        <h3>4. ข้อควรระวังอื่นๆ</h3>\r\n        <ul>\r\n            <li><strong>Default Password:</strong> รหัสผ่านที่มากับเครื่อง (เช่น admin/admin) ต้องเปลี่ยนทันทีที่ติดตั้งอุปกรณ์</li>\r\n            <li><strong>OTP (One-Time Password):</strong> รหัสใช้ครั้งเดียว ปลอดภัยกว่ารหัสถาวร แต่อาจมีความเสี่ยงเรื่อง SIM Swapping (การขโมยเบอร์มือถือ)</li>\r\n            <li><strong>Biometrics:</strong> สะดวก แต่ถ้าข้อมูลหลุดแล้ว \"เปลี่ยนไม่ได้\" (เราเปลี่ยนลายนิ้วมือตัวเองไม่ได้)</li>\r\n        </ul>\r\n    </div>', 'https://www.youtube.com/embed/rk-yXRgZhTo', '1768700452_cbaaa7cad715871ddc91.pdf', 2, 'active'),
(3, 'บทที่ 3: รู้ทันภัย Phishing และ Social Engineering', 'เรียนรู้จิตวิทยาของแฮกเกอร์ เทคนิคการหลอกลวงรูปแบบต่างๆ และวิธีการจับผิด', '<div class=\"lesson-content\">\r\n        <h3>1. Social Engineering คืออะไร?</h3>\r\n        <p>คือ \"วิศวกรรมสังคม\" หรือศิลปะการหลอกลวงมนุษย์ เป็นการโจมตีที่เจาะช่องโหว่ของ \"คน\" (ความกลัว, ความโลภ, ความอยากรู้อยากเห็น) แทนที่จะเจาะระบบคอมพิวเตอร์โดยตรง</p>\r\n\r\n        <h3>2. ประเภทของ Phishing (การตกปลา)</h3>\r\n        <ul>\r\n            <li><strong>Email Phishing:</strong> ส่งอีเมลหว่านแห หลอกให้คลิกลิงก์ปลอม หรือโหลดไฟล์แนบ</li>\r\n            <li><strong>Spear Phishing:</strong> การโจมตีแบบ \"พุ่งเป้า\" เจาะจงบุคคลหรือองค์กร มีการทำการบ้านหาข้อมูลเหยื่อมาก่อน ทำให้ดูน่าเชื่อถือสูง</li>\r\n            <li><strong>Whaling:</strong> การล่าปลาวาฬ คือการโจมตีผู้บริหารระดับสูง (CEO, CFO) เพื่อหวังผลประโยชน์มหาศาล</li>\r\n            <li><strong>Vishing (Voice Phishing):</strong> การหลอกผ่าน \"เสียง/โทรศัพท์\" (แก๊งคอลเซ็นเตอร์)</li>\r\n            <li><strong>Smishing (SMS Phishing):</strong> การหลอกผ่านข้อความ SMS เช่น \"คุณได้รับเงินกู้...\"</li>\r\n        </ul>\r\n\r\n        <h3>3. เทคนิค Social Engineering อื่นๆ</h3>\r\n        <ul>\r\n            <li><strong>Pretexting:</strong> การสร้างสถานการณ์สมมติ หรือสวมรอยเป็นคนอื่น (เช่น ไอที, ตำรวจ) เพื่อขอข้อมูล</li>\r\n            <li><strong>Baiting (การล่อเหยื่อ):</strong> เช่น การวาง Flash Drive ที่มีไวรัสทิ้งไว้ในที่จอดรถ หวังให้คนเก็บไปเสียบเพราะอยากรู้ว่าข้างในมีอะไร</li>\r\n            <li><strong>Tailgating / Piggybacking:</strong> การแอบเดินตามพนักงานที่มีบัตรผ่านประตูเข้าไปในพื้นที่หวงห้าม</li>\r\n            <li><strong>Quid Pro Quo:</strong> ยื่นหมูยื่นแมว เช่น แกล้งโทรไปบอกว่าจะแจกของรางวัลแลกกับรหัสผ่าน</li>\r\n        </ul>\r\n\r\n        <h3>4. วิธีจับผิดและป้องกัน</h3>\r\n        <ul>\r\n            <li><strong>ตรวจสอบ URL:</strong> ระวัง Typosquatting (โดเมนที่สะกดผิด เช่น g00gle.com, faceb00k.com)</li>\r\n            <li><strong>Hover (ชี้เมาส์):</strong> ก่อนคลิก ให้เอาเมาส์ไปชี้ที่ปุ่มหรือลิงก์ เพื่อดู URL ปลายทางที่แท้จริง</li>\r\n            <li><strong>ระวังความเร่งด่วน (Urgency):</strong> ข้อความที่ขู่ให้กลัวหรือรีบทำทันที มักเป็นของปลอม</li>\r\n            <li><strong>Deepfake:</strong> ปัจจุบัน AI สามารถปลอมเสียงและหน้าตาได้ ควรตรวจสอบยืนยันช่องทางอื่นหากมีการขอยืมเงิน</li>\r\n        </ul>\r\n    </div>', 'https://www.youtube.com/embed/Lz02tjVRsvg', '1768824773_badd883efb47cb9fbc99.pdf', 3, 'active'),
(4, 'บทที่ 4: มัลแวร์ (Malware) และภัยคุกคามทางซอฟต์แวร์', 'รู้จักกับวายร้ายในโลกไซเบอร์ Virus, Worm, Trojan, Ransomware และ Spyware', '<div class=\"lesson-content\">\r\n        <h3>1. Malware คืออะไร?</h3>\r\n        <p>ย่อมาจาก <strong>Malicious Software</strong> คือซอฟต์แวร์ประสงค์ร้ายที่ถูกสร้างมาเพื่อทำลาย ขโมยข้อมูล หรือก่อกวนระบบ</p>\r\n\r\n        <h3>2. ประเภทของ Malware</h3>\r\n        <ul>\r\n            <li><strong>Virus:</strong> แพร่เชื้อโดยการ \"เกาะ\" ไปกับไฟล์อื่น (Host File) ต้องอาศัยคนเปิดไฟล์ถึงจะทำงาน</li>\r\n            <li><strong>Worm (หนอน):</strong> แพร่กระจายตัวเองไปตามเครือข่ายได้ \"อัตโนมัติ\" โดยไม่ต้องรอคนเปิดไฟล์ มักทำให้เน็ตช้า</li>\r\n            <li><strong>Trojan Horse (ม้าโทรจัน):</strong> ปลอมตัวเป็นโปรแกรมที่มีประโยชน์ (เช่น เกมเถื่อน, โปรแกรม Crack) เพื่อหลอกให้ติดตั้ง แต่ข้างในแฝงโค้ดร้าย มักใช้เปิดประตูหลัง (Backdoor)</li>\r\n            <li><strong>Ransomware (มัลแวร์เรียกค่าไถ่):</strong> ทำการ \"เข้ารหัสลับ\" (Encrypt) ไฟล์งานทั้งหมดในเครื่อง ทำให้เปิดไม่ได้ และเรียกเก็บเงินเพื่อแลกกับกุญแจถอดรหัส</li>\r\n            <li><strong>Spyware:</strong> แอบติดตั้งเพื่อ \"สอดแนม\" พฤติกรรมผู้ใช้ เช่น ดักจับประวัติการท่องเว็บ</li>\r\n            <li><strong>Keylogger:</strong> มัลแวร์ที่ดักจับ \"การกดแป้นพิมพ์\" เพื่อขโมยรหัสผ่านและเลขบัตรเครดิต</li>\r\n            <li><strong>Adware:</strong> โปรแกรมที่แสดงโฆษณาขึ้นมาป่วนเครื่องโดยไม่ได้รับอนุญาต</li>\r\n            <li><strong>Rootkit:</strong> มัลแวร์ขั้นสูงที่ซ่อนตัวลึกในระดับ OS เพื่อหลบเลี่ยงการตรวจจับ และให้สิทธิ์แฮกเกอร์ควบคุมเครื่องสูงสุด</li>\r\n        </ul>\r\n\r\n        <h3>3. รูปแบบการโจมตีอื่นๆ</h3>\r\n        <ul>\r\n            <li><strong>Botnet:</strong> เครือข่ายคอมพิวเตอร์ (Zombie) ที่ติดมัลแวร์จำนวนมาก และถูกแฮกเกอร์ควบคุมผ่าน C&C Server (Command & Control) เพื่อใช้โจมตีคนอื่น</li>\r\n            <li><strong>Logic Bomb:</strong> โค้ดที่ฝังไว้และจะ \"ระเบิด\" (ทำงาน) เมื่อถึงเงื่อนไขที่กำหนด เช่น เมื่อพนักงานคนนั้นถูกไล่ออก หรือถึงวันที่กำหนด</li>\r\n            <li><strong>Drive-by Download:</strong> การติดมัลแวร์เพียงแค่ \"เข้าชมเว็บไซต์\" อันตราย โดยไม่ต้องกดดาวน์โหลดอะไรเลย</li>\r\n            <li><strong>Fileless Malware:</strong> มัลแวร์ที่ทำงานในหน่วยความจำ (RAM) ไม่มีการเขียนไฟล์ลงฮาร์ดดิสก์ ทำให้ Antivirus ตรวจจับยาก</li>\r\n        </ul>\r\n\r\n        <h3>4. การป้องกัน</h3>\r\n        <ul>\r\n            <li><strong>Antivirus (Signature vs Heuristic):</strong> แบบ Signature ตรวจตามฐานข้อมูลไวรัสที่มี, แบบ Heuristic ตรวจจับจาก \"พฤติกรรม\" ที่น่าสงสัย</li>\r\n            <li><strong>Sandbox:</strong> การรันไฟล์ต้องสงสัยในสภาพแวดล้อมจำลองที่ปลอดภัย เพื่อดูว่ามันทำอันตรายหรือไม่</li>\r\n            <li><strong>Backup:</strong> การสำรองข้อมูลสม่ำเสมอคือวิธีเดียวที่จะกู้คืนข้อมูลจาก Ransomware ได้โดยไม่ต้องจ่ายเงิน</li>\r\n        </ul>\r\n    </div>', 'https://www.youtube.com/embed/oD41KNC7Nzg', '1768824802_fefe920188481c6f2713.pdf', 4, 'active'),
(5, 'บทที่ 5: ความปลอดภัยเครือข่ายและ Wi-Fi สาธารณะ', 'ความเสี่ยงของการใช้เน็ตฟรี, การดักฟังข้อมูล, VPN และมาตรฐานความปลอดภัย Wireless', '<div class=\"lesson-content\">\r\n        <h3>1. ภัยอันตรายบน Wi-Fi สาธารณะ</h3>\r\n        <p>การใช้ Free Wi-Fi ตามร้านกาแฟมีความเสี่ยงสูงต่อการถูกดักข้อมูล</p>\r\n        <ul>\r\n            <li><strong>Man-in-the-Middle (MitM):</strong> การโจมตีคนกลาง แฮกเกอร์แทรกตัวอยู่ระหว่างเรากับเว็บไซต์เพื่อดักฟังข้อมูล</li>\r\n            <li><strong>Packet Sniffing:</strong> การใช้โปรแกรมดักจับข้อมูลที่วิ่งผ่านเครือข่าย (ถ้าเว็บไม่ได้เข้ารหัส ข้อมูลจะถูกอ่านได้ทันที)</li>\r\n            <li><strong>Rogue Access Point (Evil Twin):</strong> การตั้งจุดปล่อย Wi-Fi ปลอมโดยตั้งชื่อให้เหมือนของจริง (เช่น \"Free Starbucks WiFi\") เพื่อหลอกให้คนเชื่อมต่อ</li>\r\n        </ul>\r\n\r\n        <h3>2. เครื่องมือป้องกัน</h3>\r\n        <ul>\r\n            <li><strong>VPN (Virtual Private Network):</strong> สร้างท่ออุโมงค์เสมือนที่มีการ \"เข้ารหัสข้อมูล\" ตั้งแต่ต้นทางถึงปลายทาง ทำให้แฮกเกอร์ที่ดักฟังอ่านข้อมูลไม่รู้เรื่อง</li>\r\n            <li><strong>HTTPS (Hypertext Transfer Protocol Secure):</strong> โปรโตคอลเว็บที่มีการเข้ารหัส (สังเกตแม่กุญแจ) ป้องกันการดักฟังข้อมูลระหว่างทาง</li>\r\n            <li><strong>Firewall:</strong> กำแพงกั้นที่คอยตรวจสอบและกรอง Traffic เข้า-ออกระบบ ตามกฎที่ตั้งไว้</li>\r\n        </ul>\r\n\r\n        <h3>3. ความปลอดภัยของ Wireless (Wi-Fi)</h3>\r\n        <ul>\r\n            <li><strong>WEP:</strong> มาตรฐานเก่ามาก เลิกใช้แล้ว เพราะถูกเจาะได้ง่ายมาก</li>\r\n            <li><strong>WPA2 / WPA3:</strong> มาตรฐานปัจจุบันที่ควรใช้ มีความปลอดภัยสูงกว่า</li>\r\n            <li><strong>SSID Hiding:</strong> การซ่อนชื่อ Wi-Fi (ช่วยได้แค่กันคนทั่วไปเห็น แต่แฮกเกอร์ยังสแกนเจอได้อยู่ดี)</li>\r\n            <li><strong>MAC Filtering:</strong> การอนุญาตเฉพาะเครื่องที่มี MAC Address ที่กำหนด (ปลอมแปลงได้ง่ายด้วย MAC Spoofing)</li>\r\n        </ul>\r\n\r\n        <h3>4. การโจมตีเครือข่ายอื่นๆ</h3>\r\n        <ul>\r\n            <li><strong>DDoS (Distributed Denial of Service):</strong> การระดมยิง Traffic จากหลายๆ เครื่อง (Botnet) ถล่ม Server ให้ล่ม</li>\r\n            <li><strong>IP Spoofing:</strong> การปลอมแปลงหมายเลข IP เพื่อหลอกว่าเป็นเครื่องที่ได้รับอนุญาต</li>\r\n            <li><strong>DNS Hijacking:</strong> การเปลี่ยนเส้นทาง (Redirect) ให้ผู้ใช้ไปเข้าเว็บปลอม แทนที่จะไปเว็บจริง</li>\r\n            <li><strong>Port Scanning:</strong> การสแกนหา \"ประตู\" (Port) ที่เปิดอยู่บน Server เพื่อหาช่องทางเจาะระบบ</li>\r\n        </ul>\r\n    </div>', 'https://www.youtube.com/embed/7iunhc7q0HI', '1768824824_ca76021d1bd55b63ce01.pdf', 5, 'active'),
(6, 'บทที่ 6: ความปลอดภัยของเว็บไซต์ (Web Security)', 'ทำความเข้าใจช่องโหว่ OWASP Top 10: SQL Injection, XSS, CSRF และวิธีป้องกันสำหรับนักพัฒนา', '<div class=\"lesson-content\">\r\n        <h3>1. SQL Injection (SQLi)</h3>\r\n        <p>การโจมตีฐานข้อมูลโดยการแทรกคำสั่ง SQL ผ่านช่อง Input (เช่น ช่อง Login หรือ Search) เพื่อหลอกให้ Database เปิดเผยข้อมูล</p>\r\n        <ul>\r\n            <li><strong>อันตราย:</strong> แฮกเกอร์สามารถดู, แก้ไข, หรือลบข้อมูลทั้งหมดในฐานข้อมูลได้</li>\r\n            <li><strong>Payload ตัวอย่าง:</strong> <code>\' OR 1=1 --</code></li>\r\n            <li><strong>การป้องกัน:</strong> ใช้ <strong>Prepared Statements</strong> (Parameterization) แทนการต่อ String</li>\r\n        </ul>\r\n\r\n        <h3>2. Cross-Site Scripting (XSS)</h3>\r\n        <p>การฝัง Script อันตราย (JavaScript) ลงบนหน้าเว็บ เพื่อให้ไปรันบน Browser ของเหยื่อ</p>\r\n        <ul>\r\n            <li><strong>Reflected XSS:</strong> ส่งลิงก์หลอกให้เหยื่อคลิก แล้ว Script ทำงานทันที</li>\r\n            <li><strong>Stored XSS:</strong> ฝัง Script ไว้ในฐานข้อมูล (เช่น คอมเมนต์) ใครมาเปิดดูก็โดนหมด</li>\r\n            <li><strong>อันตราย:</strong> ใช้ขโมย <strong>Session Cookies</strong> เพื่อยึดบัญชีผู้ใช้</li>\r\n            <li><strong>การป้องกัน:</strong> ทำ <strong>Input Validation</strong> และ <strong>Output Encoding (Escaping)</strong></li>\r\n        </ul>\r\n\r\n        <h3>3. ช่องโหว่อื่นๆ ที่พบบ่อย</h3>\r\n        <ul>\r\n            <li><strong>CSRF (Cross-Site Request Forgery):</strong> การหลอกให้เหยื่อทำธุรกรรมโดยไม่รู้ตัว (เช่น แอบกดไลค์, โอนเงิน) ขณะที่เหยื่อยังล็อกอินค้างอยู่</li>\r\n            <li><strong>Broken Access Control (IDOR):</strong> การที่ผู้ใช้สามารถเข้าถึงข้อมูลของคนอื่นได้ง่ายๆ โดยการเปลี่ยนเลข ID ใน URL (เช่นเปลี่ยน ?id=100 เป็น ?id=101)</li>\r\n            <li><strong>File Upload Vulnerability:</strong> การปล่อยให้ผู้ใช้อัปโหลดไฟล์อันตราย (เช่น .php, .exe) ขึ้น Server เพื่อรันคำสั่งยึดเครื่อง (Web Shell)</li>\r\n            <li><strong>Directory Traversal (LFI):</strong> การใช้ <code>../</code> เพื่อถอยกลับไปอ่านไฟล์ความลับใน Server (เช่น /etc/passwd)</li>\r\n        </ul>\r\n\r\n        <h3>4. เครื่องมือและความปลอดภัย</h3>\r\n        <ul>\r\n            <li><strong>Burp Suite:</strong> เครื่องมือยอดนิยมสำหรับ Web Penetration Testing ใช้ดักจับและแก้ไข Request</li>\r\n            <li><strong>SQLMap:</strong> เครื่องมือเจาะ SQL Injection อัตโนมัติ</li>\r\n            <li><strong>Cookie Flags:</strong> ควรตั้งค่า <code>HttpOnly</code> (กัน XSS อ่านคุกกี้) และ <code>Secure</code> (ส่งผ่าน HTTPS เท่านั้น)</li>\r\n        </ul>\r\n    </div>', 'https://www.youtube.com/embed/VdAcRz_h2Mw', '1768824847_eab561191016e6e17897.pdf', 6, 'active'),
(7, 'บทที่ 7: การปกป้องข้อมูลส่วนบุคคล (Data Privacy & Digital Footprint)', 'รอยเท้าดิจิทัล, กฎหมาย PDPA และการรักษาความเป็นส่วนตัวในโลกโซเชียล', '<div class=\"lesson-content\">\r\n        <h3>1. PII (Personally Identifiable Information)</h3>\r\n        <p>ข้อมูลที่ระบุตัวบุคคลได้ เช่น ชื่อ-นามสกุล, เลขบัตรประชาชน, เบอร์โทร, ลายนิ้วมือ ข้อมูลเหล่านี้มีค่าและต้องปกป้อง</p>\r\n\r\n        <h3>2. Digital Footprint (รอยเท้าดิจิทัล)</h3>\r\n        <p>ร่องรอยที่เราทิ้งไว้บนโลกออนไลน์ แบ่งเป็น 2 แบบ:</p>\r\n        <ul>\r\n            <li><strong>Active:</strong> สิ่งที่เราตั้งใจโพสต์เอง เช่น สเตตัส, รูปถ่าย</li>\r\n            <li><strong>Passive:</strong> สิ่งที่ถูกเก็บโดยที่เราไม่รู้ตัว เช่น IP Address, ประวัติการเข้าเว็บ, พิกัด GPS</li>\r\n        </ul>\r\n\r\n        <h3>3. ความเสี่ยงบน Social Media</h3>\r\n        <ul>\r\n            <li><strong>Sharenting:</strong> พ่อแม่ที่โพสต์รูปและข้อมูลลูกมากเกินไป เสี่ยงต่อการถูกมิจฉาชีพนำไปใช้</li>\r\n            <li><strong>Oversharing:</strong> การแชร์ข้อมูลส่วนตัวมากเกินความจำเป็น เช่น โพสต์รูปตั๋วเครื่องบิน (บาร์โค้ดอาจถูกสแกนเพื่อขโมยข้อมูล), เช็คอินที่อยู่บ้าน</li>\r\n            <li><strong>Geotagging:</strong> ข้อมูลพิกัดสถานที่ที่ฝังอยู่ในไฟล์รูปถ่าย (Metadata)</li>\r\n            <li><strong>Doxing:</strong> การขุดคุ้ยข้อมูลส่วนตัวคนอื่นมาประจานหรือคุกคามในโลกออนไลน์</li>\r\n        </ul>\r\n\r\n        <h3>4. กฎหมายและสิทธิ์</h3>\r\n        <ul>\r\n            <li><strong>PDPA (พ.ร.บ. คุ้มครองข้อมูลส่วนบุคคล):</strong> กฎหมายไทยที่กำหนดให้องค์กรต้องขอความยินยอม (Consent) ก่อนเก็บข้อมูลเรา</li>\r\n            <li><strong>Right to be forgotten:</strong> สิทธิ์ในการขอให้ลบข้อมูลส่วนตัวของเราออกจากระบบ</li>\r\n        </ul>\r\n\r\n        <h3>5. การป้องกันและเครื่องมือ</h3>\r\n        <ul>\r\n            <li><strong>Incognito Mode:</strong> โหมดไม่ระบุตัวตน ช่วยไม่ให้ Browser เก็บประวัติและคุกกี้ในเครื่องเรา (แต่ ISP และเว็บปลายทางยังรู้นะ)</li>\r\n            <li><strong>HaveIBeenPwned.com:</strong> เว็บไซต์สำหรับตรวจสอบว่าอีเมลหรือเบอร์โทรของเราเคย \"หลุด\" รั่วไหลในเหตุการณ์ Data Breach หรือไม่</li>\r\n            <li><strong>App Permissions:</strong> ตรวจสอบสิทธิ์ที่แอปขอเสมอ เช่น แอปไฟฉายไม่ควรขอเข้าถึงรายชื่อผู้ติดต่อ</li>\r\n            <li><strong>Data Wiping:</strong> การลบไฟล์แบบกู้คืนไม่ได้ (เขียนทับหลายรอบ) สำคัญมากก่อนขายหรือทิ้งฮาร์ดดิสก์</li>\r\n        </ul>\r\n    </div>', 'https://www.youtube.com/embed/zNejttK_tBw&t=40s', '1768824876_5ab54c8c38c30210e6a0.pdf', 7, 'active');

-- --------------------------------------------------------

--
-- Table structure for table `questions`
--

CREATE TABLE `questions` (
  `que_id` int(11) NOT NULL,
  `qui_id` int(11) NOT NULL COMMENT 'FK เชื่อมไปตาราง quizzes',
  `que_text` text NOT NULL COMMENT 'โจทย์',
  `que_opt_a` varchar(255) NOT NULL,
  `que_opt_b` varchar(255) NOT NULL,
  `que_opt_c` varchar(255) NOT NULL,
  `que_opt_d` varchar(255) NOT NULL,
  `que_correct` enum('a','b','c','d') NOT NULL COMMENT 'เฉลย',
  `que_score` int(11) DEFAULT 1 COMMENT 'คะแนนของข้อนี้'
) ENGINE=InnoDB DEFAULT CHARSET=utf8mb4 COLLATE=utf8mb4_general_ci;

--
-- Dumping data for table `questions`
--

INSERT INTO `questions` (`que_id`, `qui_id`, `que_text`, `que_opt_a`, `que_opt_b`, `que_opt_c`, `que_opt_d`, `que_correct`, `que_score`) VALUES
(1, 1, 'CIA Triad ในทางความปลอดภัยไซเบอร์ประกอบด้วยอะไรบ้าง?', 'Control, Integrity, Access', 'Confidentiality, Integrity, Availability', 'Cyber, Internet, Attack', 'Computer, Intelligence, Agency', 'b', 1),
(2, 1, 'Confidentiality (ความลับ) หมายถึงอะไร?', 'ข้อมูลต้องเข้าถึงได้ตลอดเวลา', 'ข้อมูลต้องถูกต้องไม่ถูกแก้ไข', 'ข้อมูลต้องเข้าถึงได้เฉพาะผู้ได้รับอนุญาตเท่านั้น', 'ข้อมูลต้องถูกสำรองไว้เสมอ', 'c', 1),
(3, 1, 'Integrity (ความถูกต้องครบถ้วน) เกี่ยวข้องกับเรื่องใด?', 'การป้องกันข้อมูลรั่วไหล', 'การป้องกันการแก้ไขข้อมูลโดยไม่ได้รับอนุญาต', 'การป้องกันระบบล่ม', 'การป้องกันไวรัส', 'b', 1),
(4, 1, 'Availability (ความพร้อมใช้งาน) ถูกโจมตีด้วยวิธีใดบ่อยที่สุด?', 'Phishing', 'SQL Injection', 'DDoS Attack', 'Brute Force', 'c', 1),
(5, 1, 'ข้อใดคือตัวอย่างของการละเมิด Confidentiality?', 'เว็บไซต์ล่มใช้งานไม่ได้', 'แฮกเกอร์เปลี่ยนแปลงหน้าเว็บไซต์', 'ไฟล์งานถูกลบหายไป', 'แฮกเกอร์ขโมยฐานข้อมูลลูกค้าไปเผยแพร่', 'd', 1),
(6, 1, 'White Hat Hacker คือใคร?', 'แฮกเกอร์ที่เจาะระบบเพื่อขโมยเงิน', 'แฮกเกอร์ที่มีจริยธรรม เจาะระบบเพื่อหาช่องโหว่และแจ้งเจ้าของ', 'แฮกเกอร์ที่ทำงานให้รัฐบาลเท่านั้น', 'แฮกเกอร์ที่ไม่เก่งคอมพิวเตอร์', 'b', 1),
(7, 1, 'Black Hat Hacker คือใคร?', 'ผู้เชี่ยวชาญด้านความปลอดภัย', 'แฮกเกอร์ผู้ประสงค์ร้าย เจาะระบบเพื่อผลประโยชน์ส่วนตัว', 'ตำรวจไซเบอร์', 'โปรแกรมเมอร์ทั่วไป', 'b', 1),
(8, 1, 'ช่องโหว่ (Vulnerability) คืออะไร?', 'โปรแกรมป้องกันไวรัส', 'จุดอ่อนในระบบที่อาจถูกโจมตีได้', 'ผู้ที่ทำการโจมตีระบบ', 'กฎหมายคอมพิวเตอร์', 'b', 1),
(9, 1, 'ภัยคุกคาม (Threat) คืออะไร?', 'ข้อผิดพลาดในโค้ด', 'เหตุการณ์หรือสิ่งที่อาจก่อให้เกิดความเสียหายต่อระบบ', 'การอัปเดตวินโดวส์', 'รหัสผ่านที่ตั้งง่ายเกินไป', 'b', 1),
(10, 1, 'ความเสี่ยง (Risk) เกิดจากอะไร?', 'Threat x Vulnerability', 'Hacker + Virus', 'Computer + Internet', 'Password + Username', 'a', 1),
(11, 1, 'Zero-day vulnerability คืออะไร?', 'ช่องโหว่ที่ไม่มีวันถูกแก้ไข', 'ช่องโหว่ที่เพิ่งถูกค้นพบและยังไม่มีแพตช์แก้ไข', 'ช่องโหว่ที่เกิดขึ้นในวันอาทิตย์', 'ไวรัสที่ไม่อันตราย', 'b', 1),
(12, 1, 'หลักการ \"Least Privilege\" หมายถึงอะไร?', 'ให้สิทธิ์ทุกคนเป็น Admin', 'ให้สิทธิ์ผู้ใช้เท่าที่จำเป็นต่อการทำงานเท่านั้น', 'ไม่ให้สิทธิ์ใครเลย', 'ให้สิทธิ์เฉพาะหัวหน้างาน', 'b', 1),
(13, 1, 'Defense in Depth เปรียบได้กับอะไร?', 'การสร้างกำแพงชั้นเดียวที่แข็งแรงที่สุด', 'การมีระบบป้องกันหลายชั้นซ้อนกัน', 'การจ้างยามรักษาความปลอดภัยคนเดียว', 'การปิดคอมพิวเตอร์เมื่อไม่ใช้', 'b', 1),
(14, 1, 'Social Engineering คือการโจมตีที่มุ่งเน้นไปที่จุดอ่อนใด?', 'Hardware', 'Software', 'Network', 'Human (คน)', 'd', 1),
(15, 1, 'ทำไมเราต้องอัปเดตซอฟต์แวร์สม่ำเสมอ?', 'เพื่อให้เครื่องทำงานช้าลง', 'เพื่อปิดช่องโหว่ความปลอดภัย (Patch Security)', 'เพื่อเปลี่ยนหน้าตาโปรแกรม', 'เพื่อให้ใช้พื้นที่ฮาร์ดดิสก์มากขึ้น', 'b', 1),
(16, 1, 'ข้อใดไม่ใช่สินทรัพย์ (Asset) ทางไซเบอร์?', 'ข้อมูลลูกค้า', 'รหัสผ่าน', 'เก้าอี้ทำงาน', 'เซิร์ฟเวอร์', 'c', 1),
(17, 1, 'การแอบมองหน้าจอผู้อื่นขณะพิมพ์รหัสผ่าน เรียกว่าอะไร?', 'Shoulder Surfing', 'Phishing', 'Vishing', 'Dumpster Diving', 'a', 1),
(18, 1, 'การค้นหาข้อมูลสำคัญจากถังขยะ เรียกว่าอะไร?', 'Recycling', 'Trash Hunting', 'Dumpster Diving', 'Bin Attack', 'c', 1),
(19, 1, 'Insider Threat หมายถึงใคร?', 'แฮกเกอร์จากต่างประเทศ', 'คู่แข่งทางธุรกิจ', 'พนักงานหรือคนในองค์กรที่เป็นภัยคุกคาม', 'ไวรัสคอมพิวเตอร์', 'c', 1),
(20, 1, 'ข้อใดคือการป้องกันทางกายภาพ (Physical Security)?', 'Firewall', 'Antivirus', 'กล้องวงจรปิดและการล็อกประตูห้องเซิร์ฟเวอร์', 'Encryption', 'c', 1),
(21, 1, 'Cybersecurity มีความสำคัญอย่างไรในปัจจุบัน?', 'ช่วยให้เล่นเกมได้ลื่นขึ้น', 'ป้องกันความเสียหายทางเศรษฐกิจและข้อมูลส่วนบุคคล', 'ทำให้คอมพิวเตอร์ราคาถูกลง', 'ช่วยประหยัดค่าไฟฟ้า', 'b', 1),
(22, 1, 'IoT ย่อมาจากอะไร?', 'Internet of Time', 'Internet of Things', 'Input of Technology', 'Internal of Thai', 'b', 1),
(23, 1, 'อุปกรณ์ IoT มีความเสี่ยงเรื่องใดมากที่สุด?', 'ราคาแพง', 'กินไฟเยอะ', 'มักมีการตั้งค่าความปลอดภัยต่ำมาจากโรงงาน', 'หาซื้อยาก', 'c', 1),
(24, 1, 'Ransomware จัดเป็นการโจมตีประเภทใด?', 'ทำลาย Availability (การเข้าถึงข้อมูล)', 'ขโมย Confidentiality อย่างเดียว', 'แก้ไข Integrity อย่างเดียว', 'ไม่ถือเป็นการโจมตี', 'a', 1),
(25, 1, 'สิ่งแรกที่ควรทำเมื่อรู้ว่าคอมพิวเตอร์ถูกแฮกคือ?', 'ปิดเครื่องทันที', 'ตัดการเชื่อมต่ออินเทอร์เน็ต (Network)', 'ลบไฟล์ทิ้งทั้งหมด', 'ซื้อคอมใหม่', 'b', 1),
(26, 2, 'รหัสผ่านที่ปลอดภัยควรมีความยาวอย่างน้อยกี่ตัวอักษร?', '4 ตัว', '6 ตัว', '8-12 ตัวขึ้นไป', 'ไม่จำกัด', 'c', 1),
(27, 2, 'ข้อใดคือรหัสผ่านที่แย่ที่สุด?', 'P@ssw0rd123', 'Tr0ub4dor&3', '123456', 'CorrectHorseBatteryStaple', 'c', 1),
(28, 2, '2FA ย่อมาจากอะไร?', '2 Fast Authentication', 'Two-Factor Authentication', 'To Friend Account', 'Two-Face Admin', 'b', 1),
(29, 2, 'ข้อใดเป็นปัจจัย \"Something you know\"?', 'ลายนิ้วมือ', 'รหัสผ่าน (Password)', 'สมาร์ทการ์ด', 'โทรศัพท์มือถือ', 'b', 1),
(30, 2, 'ข้อใดเป็นปัจจัย \"Something you have\"?', 'รหัส PIN', 'ใบหน้า', 'OTP ที่ส่งมาทาง SMS', 'ความทรงจำ', 'c', 1),
(31, 2, 'ข้อใดเป็นปัจจัย \"Something you are\"?', 'รหัสผ่าน', 'บัตรพนักงาน', 'สแกนลายนิ้วมือ/ใบหน้า', 'กุญแจรถ', 'c', 1),
(32, 2, 'ทำไมไม่ควรใช้รหัสผ่านเดียวกันทุกเว็บไซต์?', 'จำยาก', 'ถ้าเว็บหนึ่งหลุด แฮกเกอร์จะเข้าได้ทุกเว็บ', 'เสียเวลาพิมพ์', 'ผิดกฎหมาย', 'b', 1),
(33, 2, 'Password Manager มีหน้าที่อะไร?', 'ช่วยจำและกรอกรหัสผ่านที่ซับซ้อนให้เรา', 'สุ่มรหัสผ่านให้แฮกเกอร์', 'ลบข้อมูลในเครื่อง', 'สแกนไวรัส', 'a', 1),
(34, 2, 'Brute Force Attack คืออะไร?', 'การหลอกถามรหัสผ่าน', 'การเดาสุ่มรหัสผ่านทุกความเป็นไปได้', 'การขโมยฐานข้อมูล', 'การดักฟังเครือข่าย', 'b', 1),
(35, 2, 'Dictionary Attack คืออะไร?', 'การใช้พจนานุกรมคำศัพท์มาลองใส่เป็นรหัสผ่าน', 'การปามีดใส่คอมพิวเตอร์', 'การแฮกเว็บขายหนังสือ', 'การใช้โปรแกรมแปลภาษา', 'a', 1),
(36, 2, 'Salt ในเรื่องรหัสผ่านคืออะไร?', 'เครื่องปรุงรส', 'ค่าสุ่มที่เติมท้ายรหัสผ่านก่อนนำไป Hash เพื่อป้องกัน Rainbow Table', 'การเข้ารหัสข้อมูล', 'ชื่อโปรแกรมแฮก', 'b', 1),
(37, 2, 'การเก็บรหัสผ่านในฐานข้อมูลควรเก็บแบบใด?', 'Plain Text (ข้อความธรรมดา)', 'Encrypted (เข้ารหัสแบบถอดได้)', 'Hashed (เข้ารหัสทางเดียว)', 'เขียนใส่กระดาษ', 'c', 1),
(38, 2, 'OTP ย่อมาจากอะไร?', 'One Time Password', 'Over The Phone', 'Only Two People', 'Old Time Protocol', 'a', 1),
(39, 2, 'ข้อเสียของการยืนยันตัวตนด้วย SMS OTP คือ?', 'ใช้งานยาก', 'SMS อาจถูกดักจับหรือทำ SIM Swapping ได้', 'ต้องใช้อินเทอร์เน็ต', 'ไม่มีข้อเสีย', 'b', 1),
(40, 2, 'แอปพลิเคชันใดใช้สำหรับทำ 2FA?', 'Google Authenticator', 'Facebook', 'YouTube', 'Netflix', 'a', 1),
(41, 2, 'ควรเปลี่ยนรหัสผ่านเมื่อไหร่?', 'ทุกวัน', 'ทุกปี', 'เมื่อสงสัยว่ารหัสผ่านรั่วไหลหรือถูกแฮก', 'ไม่จำเป็นต้องเปลี่ยนเลย', 'c', 1),
(42, 2, 'การเขียนรหัสผ่านแปะไว้ที่หน้าจอคอมพิวเตอร์เป็นพฤติกรรมที่...?', 'ฉลาด ช่วยกันลืม', 'ปลอดภัย สะดวก', 'อันตราย ไม่ควรทำอย่างยิ่ง', 'เป็นมาตรฐานสากล', 'c', 1),
(43, 2, 'Account Lockout Policy ช่วยป้องกันอะไร?', 'Phishing', 'Brute Force Attack', 'SQL Injection', 'Virus', 'b', 1),
(44, 2, 'Default Password คืออะไร?', 'รหัสผ่านที่ตั้งเอง', 'รหัสผ่านที่มาพร้อมเครื่องจากโรงงาน (เช่น admin/admin)', 'รหัสผ่านที่หมดอายุ', 'รหัสผ่านของผู้ดูแลระบบ', 'b', 1),
(45, 2, 'ทำไมเราต้องเปลี่ยน Default Password?', 'เพราะมันเดาง่ายและเป็นข้อมูลสาธารณะ', 'เพราะมันยาวเกินไป', 'เพราะมันไม่สวย', 'เพราะโรงงานบังคับ', 'a', 1),
(46, 2, 'CAPTCHA มีไว้เพื่ออะไร?', 'ทดสอบสายตา', 'แยกแยะระหว่างมนุษย์กับบอท', 'ทำให้เว็บสวยงาม', 'เก็บข้อมูลผู้ใช้', 'b', 1),
(47, 2, 'Biometrics Authentication คือการยืนยันตัวตนด้วยอะไร?', 'สิ่งที่เรารู้', 'สิ่งที่เรามี', 'ลักษณะทางกายภาพของเรา', 'ตำแหน่งที่อยู่', 'c', 1),
(48, 2, 'ข้อเสียของ Biometrics คือ?', 'ปลอมแปลงยาก', 'สะดวกรวดเร็ว', 'ถ้าข้อมูลหลุดแล้วเปลี่ยนใหม่ไม่ได้ (เปลี่ยนนิ้วไม่ได้)', 'ไม่ต้องจำรหัส', 'c', 1),
(49, 2, 'SSH Key ใช้สำหรับการยืนยันตัวตนแบบใด?', 'Login Facebook', 'Login เข้า Server ระยะไกลแบบปลอดภัย', 'กดเงิน ATM', 'ปลดล็อกโทรศัพท์', 'b', 1),
(50, 2, 'Passphrase คืออะไร?', 'รหัสผ่านสั้นๆ', 'รหัสผ่านที่เป็นประโยคยาวๆ เพื่อความปลอดภัย', 'รหัสผ่านตัวเลข', 'ชื่อผู้ใช้งาน', 'b', 1),
(51, 3, 'Phishing คืออะไร?', 'การตกปลาในเกม', 'การหลอกลวงผ่านอีเมลหรือหน้าเว็บปลอมเพื่อให้เหยื่อกรอกข้อมูลสำคัญ', 'การแฮกเซิร์ฟเวอร์โดยตรง', 'การสแกนไวรัส', 'b', 1),
(52, 3, 'ข้อใดเป็นลักษณะเด่นของ Phishing Email?', 'มีการใช้ภาษาทางการที่ถูกต้อง', 'มีการเร่งรัดให้รีบดำเนินการ (Urgency)', 'ส่งมาจากเพื่อนสนิท', 'ไม่มีลิงก์แนบมา', 'b', 1),
(53, 3, 'Spear Phishing แตกต่างจาก Phishing ปกติอย่างไร?', 'ส่งหาคนจำนวนมากแบบหว่านแห', 'เจาะจงเป้าหมายบุคคลหรือองค์กรโดยเฉพาะ', 'ใช้ปลาฉมวกแทนเบ็ด', 'ทำผ่านโทรศัพท์เท่านั้น', 'b', 1),
(54, 3, 'Vishing คือการหลอกลวงผ่านช่องทางใด?', 'Video', 'Voice (โทรศัพท์)', 'Vehicle', 'Virtual Reality', 'b', 1),
(55, 3, 'Smishing คือการหลอกลวงผ่านช่องทางใด?', 'Smart TV', 'SMS', 'Smoke Signal', 'Small Talk', 'b', 1),
(56, 3, 'ถ้าได้รับอีเมลแจ้งว่า \"บัญชีธนาคารของคุณถูกระงับ\" ควรทำอย่างไร?', 'คลิกลิงก์ในอีเมลทันที', 'ตอบกลับอีเมลเพื่อสอบถาม', 'โทรสอบถาม Call Center ของธนาคารโดยตรง', 'โอนเงินออกทันที', 'c', 1),
(57, 3, 'การตรวจสอบลิงก์ก่อนคลิก ควรทำอย่างไร?', 'คลิกเข้าไปดูเลย', 'นำเมาส์ไปชี้ค้างไว้ (Hover) เพื่อดู URL ปลายทาง', 'ส่งต่อให้เพื่อนช่วยดู', 'ค้นหาใน Google', 'b', 1),
(58, 3, 'Typosquatting คือเทคนิคใด?', 'การพิมพ์ดีดเร็ว', 'การจดโดเมนที่สะกดผิดคล้ายเว็บจริง (เช่น g00gle.com)', 'การนั่งยองๆ พิมพ์คอม', 'การแฮกแป้นพิมพ์', 'b', 1),
(59, 3, 'เว็บที่มี HTTPS ปลอดภัยจาก Phishing 100% หรือไม่?', 'ปลอดภัยแน่นอน', 'ไม่เสมอไป เว็บ Phishing สมัยใหม่ก็มี HTTPS', 'HTTPS ใช้กับเว็บธนาคารเท่านั้น', 'HTTPS คือไวรัส', 'b', 1),
(60, 3, 'Social Engineering คืออะไร?', 'วิศวกรรมสังคม', 'ศิลปะการหลอกลวงคนให้เปิดเผยข้อมูลความลับ', 'การสร้างสังคมออนไลน์', 'การซ่อมบำรุงระบบ', 'b', 1),
(61, 3, 'Pretexting คือเทคนิคใด?', 'การสร้างเรื่องราวหรือสถานการณ์สมมติเพื่อหลอกเหยื่อ', 'การส่งข้อความสั้น', 'การแอบดูรหัสผ่าน', 'การเดารหัสผ่าน', 'a', 1),
(62, 3, 'Baiting (การล่อเหยื่อ) มักใช้วิธีใด?', 'วาง Flash Drive ทิ้งไว้ให้คนเก็บไปเสียบ', 'ส่งอีเมลข่มขู่', 'โทรศัพท์ไปด่า', 'แจกใบปลิว', 'a', 1),
(63, 3, 'Tailgating หรือ Piggybacking คืออะไร?', 'การขับรถจี้ท้าย', 'การแอบเดินตามพนักงานที่มีบัตรผ่านประตูเข้าไปในพื้นที่หวงห้าม', 'การเลี้ยงหมูในฟาร์ม', 'การแฮกผ่านระบบหลังบ้าน', 'b', 1),
(64, 3, 'BEC ย่อมาจากอะไร?', 'Basic Email Checking', 'Business Email Compromise (การหลอกลวงทางอีเมลธุรกิจ)', 'Best Email Client', 'Binary Error Code', 'b', 1),
(65, 3, 'ข้อใดคือสัญญาณของ \"Nigerian Prince Scam\"?', 'เสนอเงินรางวัลมหาศาลแลกกับการโอนเงินค่าธรรมเนียมเล็กน้อยไปก่อน', 'ขายสินค้าราคาถูก', 'ชวนไปเที่ยวต่างประเทศ', 'รับสมัครงาน', 'a', 1),
(66, 3, 'Whaling คือการโจมตีใคร?', 'พนักงานทั่วไป', 'ปลาวาฬ', 'ผู้บริหารระดับสูง (CEO/CFO)', 'แผนก IT', 'c', 1),
(67, 3, 'Quid Pro Quo หมายถึง?', 'การให้บางอย่างเพื่อแลกเปลี่ยนข้อมูล (ยื่นหมูยื่นแมว)', 'การขโมยข้อมูล', 'การทำลายข้อมูล', 'การแฮกเว็บไซต์', 'a', 1),
(68, 3, 'หากเผลอกรอกรหัสผ่านในเว็บ Phishing ควรทำอย่างไรเป็นลำดับแรก?', 'นั่งร้องไห้', 'เปลี่ยนรหัสผ่านทันที', 'แจ้งตำรวจ', 'ปิดคอมพิวเตอร์', 'b', 1),
(69, 3, 'Browser สมัยใหม่มีฟีเจอร์ช่วยป้องกัน Phishing อย่างไร?', 'มีแจ้งเตือนหน้าจอสีแดงเมื่อเข้าเว็บอันตราย (Safe Browsing)', 'ช่วยกรอกรหัสผ่านให้', 'ช่วยล้างไวรัส', 'ช่วยต่อเน็ตฟรี', 'a', 1),
(70, 3, 'การใช้ URL Shortener (bit.ly) ในอีเมล มีความเสี่ยงอย่างไร?', 'ทำให้ลิงก์ยาวขึ้น', 'ทำให้ไม่เห็นปลายทางที่แท้จริงว่าเป็นเว็บอะไร', 'ทำให้เน็ตช้า', 'ทำให้ส่งอีเมลไม่ได้', 'b', 1),
(71, 3, 'ข้อใดไม่ใช่เทคนิค Social Engineering?', 'Phishing', 'SQL Injection', 'Vishing', 'Baiting', 'b', 1),
(72, 3, 'ทำไมแฮกเกอร์ถึงชอบใช้ Social Engineering?', 'เพราะเจาะคนง่ายกว่าเจาะระบบ Firewall', 'เพราะไม่ต้องใช้คอมพิวเตอร์', 'เพราะเป็นวิธีที่ถูกกฎหมาย', 'เพราะได้เงินน้อย', 'a', 1),
(73, 3, 'การโทรหลอกว่าเป็นฝ่ายไอทีขอรหัสผ่าน เป็นเทคนิคใด?', 'Vishing / Pretexting', 'Phishing', 'Smishing', 'Dumpster Diving', 'a', 1),
(74, 3, 'ข้อใดคือวิธีป้องกัน Social Engineering ที่ดีที่สุด?', 'ติดตั้ง Antivirus ราคาแพง', 'อบรมพนักงานให้มีความตระหนักรู้ (Security Awareness)', 'ปิดอินเทอร์เน็ต', 'จ้างยามเพิ่ม', 'b', 1),
(75, 3, 'Deepfake เกี่ยวข้องกับ Social Engineering อย่างไร?', 'ใช้ปลอมเสียงหรือหน้าตาเพื่อหลอกลวงได้แนบเนียนขึ้น', 'ใช้เจาะระบบฐานข้อมูล', 'ใช้สร้างไวรัส', 'ใช้ขุด Bitcoin', 'a', 1),
(76, 4, 'Malware ย่อมาจากอะไร?', 'Malfunction Ware', 'Malicious Software', 'Male Warehouse', 'Mall Software', 'b', 1),
(77, 4, 'ความแตกต่างหลักระหว่าง Virus และ Worm คือ?', 'Virus ต้องเกาะไฟล์อื่น แต่ Worm แพร่กระจายได้ด้วยตัวเอง', 'Virus ทำลายเครื่อง แต่ Worm ขโมยข้อมูล', 'Virus มาทางเน็ต แต่ Worm มาทาง Flash Drive', 'ไม่มีความต่าง', 'a', 1),
(78, 4, 'Trojan Horse (ม้าโทรจัน) มีพฤติกรรมอย่างไร?', 'แพร่กระจายตัวเองไปทั่วเครือข่าย', 'ปลอมตัวเป็นโปรแกรมที่มีประโยชน์เพื่อหลอกให้ผู้ใช้ติดตั้ง', 'ล็อกไฟล์เรียกค่าไถ่', 'แสดงโฆษณา', 'b', 1),
(79, 4, 'Ransomware ทำอะไรกับเครื่องเหยื่อ?', 'ขโมยรหัสผ่าน', 'ลบไฟล์ทิ้ง', 'เข้ารหัสไฟล์ (Encrypt) แล้วเรียกเงินค่าไถ่เพื่อปลดล็อก', 'ทำให้เครื่องร้อน', 'c', 1),
(80, 4, 'Spyware มีหน้าที่หลักคืออะไร?', 'ทำลายฮาร์ดดิสก์', 'แอบดักจับข้อมูลการใช้งานและส่งกลับไปหาแฮกเกอร์', 'แสดงโฆษณาน่ารำคาญ', 'ป้องกันไวรัส', 'b', 1),
(81, 4, 'Adware คืออะไร?', 'ซอฟต์แวร์ที่แสดงโฆษณาโดยไม่ได้รับอนุญาต', 'ซอฟต์แวร์ตัดต่อวิดีโอ', 'ซอฟต์แวร์แชท', 'ซอฟต์แวร์ป้องกันสปายแวร์', 'a', 1),
(82, 4, 'Keylogger คือมัลแวร์ประเภทใด?', 'ดักจับการกดแป้นพิมพ์', 'ดักจับเสียง', 'ดักจับภาพหน้าจอ', 'ดักจับเมาส์', 'a', 1),
(83, 4, 'Rootkit คืออะไร?', 'ชุดเครื่องมือสำหรับ Root เครื่อง', 'มัลแวร์ที่ซ่อนตัวลึกในระบบปฏิบัติการและตรวจจับได้ยาก', 'อุปกรณ์ทำสวน', 'ไวรัสเรียกค่าไถ่', 'b', 1),
(84, 4, 'Botnet คืออะไร?', 'เครือข่ายของหุ่นยนต์', 'เครือข่ายเครื่องคอมพิวเตอร์ที่ติดมัลแวร์และถูกควบคุมโดยแฮกเกอร์', 'โปรแกรมแชทอัตโนมัติ', 'เกมออนไลน์', 'b', 1),
(85, 4, 'เครื่องคอมพิวเตอร์ที่อยู่ใน Botnet มักถูกเรียกว่าอะไร?', 'Master', 'Zombie', 'Slave', 'Client', 'b', 1),
(86, 4, 'Logic Bomb คืออะไร?', 'มัลแวร์ที่จะระเบิดเครื่องคอมพิวเตอร์', 'โค้ดอันตรายที่จะทำงานเมื่อถึงเงื่อนไขที่กำหนด (เช่น วันเวลา)', 'ไวรัสที่แพร่ทางอีเมล', 'สแปม', 'b', 1),
(87, 4, 'Drive-by Download คืออะไร?', 'การขับรถไปโหลดไฟล์', 'การติดมัลแวร์เพียงแค่เข้าชมเว็บไซต์อันตรายโดยไม่ต้องกดดาวน์โหลด', 'การโหลดไฟล์จาก Google Drive', 'การโหลดไฟล์ขณะขับรถ', 'b', 1),
(88, 4, 'Exploit Kit คืออะไร?', 'ชุดเครื่องมือซ่อมคอม', 'ชุดเครื่องมืออัตโนมัติสำหรับเจาะช่องโหว่ของ Browser หรือ Plugin', 'ชุดปฐมพยาบาล', 'เกมส์', 'b', 1),
(89, 4, 'Macro Virus มักแฝงมากับไฟล์ชนิดใด?', 'ไฟล์เพลง .mp3', 'ไฟล์รูปภาพ .jpg', 'ไฟล์เอกสาร Office (Word, Excel)', 'ไฟล์หนัง .mp4', 'c', 1),
(90, 4, 'Signature-based Detection ของ Antivirus ทำงานอย่างไร?', 'เดาพฤติกรรมไวรัส', 'ตรวจสอบลายเซ็นหรือรูปแบบไฟล์เทียบกับฐานข้อมูลไวรัส', 'ตรวจสอบวันเวลา', 'ตรวจสอบขนาดไฟล์', 'b', 1),
(91, 4, 'Heuristic Detection คืออะไร?', 'การตรวจจับไวรัสจากการวิเคราะห์พฤติกรรมที่น่าสงสัย', 'การตรวจจับด้วยคน', 'การตรวจจับด้วยกล้อง', 'การตรวจจับด้วยเสียง', 'a', 1),
(92, 4, 'Sandbox ในทางความปลอดภัยหมายถึง?', 'กระบะทรายแมว', 'สภาพแวดล้อมจำลองที่ปลอดภัยสำหรับทดลองรันไฟล์ต้องสงสัย', 'สนามเด็กเล่น', 'กล่องเก็บรหัสผ่าน', 'b', 1),
(93, 4, 'Fileless Malware คืออะไร?', 'มัลแวร์ที่ไม่ต้องใช้อินเทอร์เน็ต', 'มัลแวร์ที่ทำงานในหน่วยความจำ (RAM) โดยไม่เขียนไฟล์ลงฮาร์ดดิสก์', 'มัลแวร์ที่ลบไฟล์ตัวเองทิ้ง', 'มัลแวร์ที่ไม่มีชื่อ', 'b', 1),
(94, 4, 'วิธีป้องกัน Ransomware ที่ดีที่สุดคือ?', 'จ่ายเงินค่าไถ่', 'สำรองข้อมูล (Backup) สม่ำเสมอ', 'ปิดคอมพิวเตอร์', 'ลง Windows ใหม่', 'b', 1),
(95, 4, 'C&C Server ย่อมาจากอะไร?', 'Command and Control Server', 'Cat and Cow Server', 'Copy and Cut Server', 'Computer and Code Server', 'a', 1),
(96, 4, 'Rat (Remote Access Trojan) ย่อมาจากอะไร?', 'หนู', 'Remote Access Tool/Trojan (เครื่องมือควบคุมระยะไกล)', 'Real Access Time', 'Random Attack Type', 'b', 1),
(97, 4, 'Polymorphic Virus คืออะไร?', 'ไวรัสที่มีหลายสี', 'ไวรัสที่สามารถเปลี่ยนโครงสร้างโค้ดตัวเองได้เพื่อหลบเลี่ยง Antivirus', 'ไวรัสที่ติดสัตว์เลี้ยง', 'ไวรัสที่ตายง่าย', 'b', 1),
(98, 4, 'Zero-day Exploit คือ?', 'การโจมตีช่องโหว่ที่ผู้พัฒนาซอฟต์แวร์ยังไม่รู้ตัวหรือยังไม่ได้แก้', 'การโจมตีในวันหยุด', 'การโจมตีตอนเที่ยงคืน', 'การโจมตีที่ใช้เวลา 0 วินาที', 'a', 1),
(99, 4, 'ข้อใดคือพฤติกรรมเสี่ยงต่อการติดมัลแวร์?', 'ใช้โปรแกรมถูกลิขสิทธิ์', 'อัปเดต Windows สม่ำเสมอ', 'ใช้ Software เถื่อนหรือ Crack', 'สแกนไวรัสทุกวัน', 'c', 1),
(100, 4, 'Payload ของมัลแวร์คืออะไร?', 'น้ำหนักของไฟล์', 'ส่วนของโค้ดที่ทำหน้าที่ประสงค์ร้าย (เช่น ลบไฟล์, ขโมยรหัส)', 'ชื่อคนเขียน', 'วันที่สร้าง', 'b', 1),
(101, 5, 'ความเสี่ยงหลักของการใช้ Public Wi-Fi คือ?', 'เน็ตช้า', 'ข้อมูลอาจถูกดักจับ (Sniffing)', 'แบตหมดเร็ว', 'เข้าเว็บโป๊ไม่ได้', 'b', 1),
(102, 5, 'Man-in-the-Middle (MitM) Attack คืออะไร?', 'การโจมตีคนกลาง', 'การที่แฮกเกอร์แทรกตัวอยู่ระหว่างการสื่อสารของเหยื่อกับเซิร์ฟเวอร์', 'การโจมตีเซิร์ฟเวอร์โดยตรง', 'การยืนบังหน้าจอ', 'b', 1),
(103, 5, 'Packet Sniffing คือการทำอะไร?', 'การดมกลิ่นคอมพิวเตอร์', 'การดักจับข้อมูลที่วิ่งผ่านเครือข่าย', 'การส่งข้อมูลขยะ', 'การตัดเน็ต', 'b', 1),
(104, 5, 'VPN ย่อมาจากอะไร?', 'Very Private Network', 'Virtual Private Network', 'Virus Protection Network', 'Visual Public Network', 'b', 1),
(105, 5, 'VPN ช่วยป้องกันข้อมูลบน Public Wi-Fi ได้อย่างไร?', 'ทำให้เน็ตเร็วขึ้น', 'เข้ารหัสข้อมูล (Encryption) เปรียบเสมือนสร้างท่อส่วนตัว', 'ฆ่าไวรัส', 'บล็อกโฆษณา', 'b', 1),
(106, 5, 'HTTPS แตกต่างจาก HTTP อย่างไร?', 'HTTPS มีตัว S หมายถึง Slow', 'HTTPS มีการเข้ารหัสข้อมูล (Secure)', 'HTTPS ใช้สำหรับโหลดรูป', 'ไม่ต่างกัน', 'b', 1),
(107, 5, 'Firewall มีหน้าที่อะไร?', 'ดับไฟในคอมพิวเตอร์', 'กรองการเชื่อมต่อเข้า-ออกเครือข่ายตามกฎที่ตั้งไว้', 'เร่งความเร็วเน็ต', 'สแกนไวรัส', 'b', 1),
(108, 5, 'Rouge Access Point (Evil Twin) คืออะไร?', 'จุดปล่อย Wi-Fi ปลอมที่แฮกเกอร์สร้างขึ้นให้ชื่อเหมือนของจริง', 'Router รุ่นใหม่', 'โปรแกรมแฮก', 'ชื่อเกม', 'a', 1),
(109, 5, 'WPA2/WPA3 คือมาตรฐานของอะไร?', 'ความเร็ว Wi-Fi', 'การเข้ารหัสความปลอดภัย Wi-Fi', 'ชื่อรุ่น Router', 'โปรแกรมดูหนัง', 'b', 1),
(110, 5, 'ทำไมไม่ควรใช้ WEP ในการตั้งรหัส Wi-Fi?', 'เพราะมันเก่าและถูกเจาะรหัสได้ง่ายมาก', 'เพราะมันใหม่เกินไป', 'เพราะมันทำให้เน็ตช้า', 'เพราะมันรองรับเครื่องน้อย', 'a', 1),
(111, 5, 'MAC Address Filtering ปลอดภัย 100% หรือไม่?', 'ปลอดภัยแน่นอน', 'ไม่ เพราะ MAC Address สามารถปลอมแปลง (Spoof) ได้', 'ปลอดภัยเฉพาะตอนกลางวัน', 'ขึ้นอยู่กับยี่ห้อ Router', 'b', 1),
(112, 5, 'IP Address Spoofing คืออะไร?', 'การเปลี่ยนเลข IP', 'การปลอมแปลงหมายเลข IP เพื่อหลอกว่าเป็นเครื่องอื่น', 'การซ่อน IP', 'การเช่า IP', 'b', 1),
(113, 5, 'DNS Hijacking ส่งผลอย่างไร?', 'ทำให้เข้าเว็บไม่ได้', 'พาผู้ใช้ไปยังหน้าเว็บปลอมแทนที่จะเป็นเว็บจริง', 'ทำให้คอมพิวเตอร์ดับ', 'ทำให้เมาส์ขยับไม่ได้', 'b', 1),
(114, 5, 'Port Scanning ใช้เพื่อวัตถุประสงค์ใด?', 'หาช่องทางเชื่อมต่อ (Port) ที่เปิดอยู่บนเป้าหมาย', 'วัดความเร็วเน็ต', 'หาตำแหน่ง GPS', 'สแกนเอกสาร', 'a', 1),
(115, 5, 'DDoS ย่อมาจากอะไร?', 'Direct Denial of Service', 'Distributed Denial of Service', 'Data Delete on Server', 'Double Download Speed', 'b', 1),
(116, 5, 'การโจมตี DDoS ทำอย่างไร?', 'ใช้เครื่องจำนวนมาก (Botnet) รุมยิง Traffic ถล่ม Server ให้ล่ม', 'แฮกเข้า Server แล้วปิดสวิตช์', 'ตัดสายแลน', 'ปล่อยไวรัส', 'a', 1),
(117, 5, 'NAT (Network Address Translation) ช่วยเรื่องอะไร?', 'แปลง IP ภายใน (Private) เป็น IP ภายนอก (Public)', 'แปลภาษา', 'เร่งความเร็ว', 'ขยายสัญญาณ Wi-Fi', 'a', 1),
(118, 5, 'ข้อใดคือวิธีที่ปลอดภัยที่สุดเมื่อต้องทำธุรกรรมการเงินนอกบ้าน?', 'ใช้ Wi-Fi ร้านกาแฟ', 'ใช้เน็ตมือถือ (4G/5G) ของตัวเอง', 'ขอแชร์ Hotspot จากคนแปลกหน้า', 'ใช้ Wi-Fi โรงแรม', 'b', 1),
(119, 5, 'ทำไมควรเปลี่ยนรหัสผ่าน Default ของ Router?', 'เพราะคู่มือมีบอกไว้ทั่วโลก แฮกเกอร์เดาได้ง่าย', 'เพราะมันสั้น', 'เพราะมันจำยาก', 'เพราะมันไม่เท่', 'a', 1),
(120, 5, 'SSID คืออะไร?', 'ชื่อสัญญาณ Wi-Fi', 'รหัสผ่าน Wi-Fi', 'ยี่ห้อ Router', 'ความเร็วเน็ต', 'a', 1),
(121, 5, 'การซ่อน SSID (Hidden SSID) ช่วยป้องกันได้จริงไหม?', 'ได้ 100%', 'ไม่ได้ เพราะแฮกเกอร์ยังสแกนเจอได้อยู่ดี เป็นแค่การซ่อนตาเปล่า', 'ช่วยให้เน็ตเร็วขึ้น', 'ช่วยประหยัดไฟ', 'b', 1),
(122, 5, 'Intranet ต่างจาก Internet อย่างไร?', 'Intranet คือเครือข่ายภายในองค์กร Internet คือเครือข่ายทั่วโลก', 'Intranet เร็วกว่า', 'Internet ปลอดภัยกว่า', 'เหมือนกัน', 'a', 1),
(123, 5, 'Proxy Server ทำหน้าที่อะไร?', 'ตัวกลางในการรับส่งข้อมูลแทนเครื่องผู้ใช้', 'ตัวปล่อยไวรัส', 'ตัวเก็บข้อมูล', 'ตัวเร่งความเร็ว', 'a', 1),
(124, 5, 'DHCP ทำหน้าที่อะไร?', 'แจกจ่าย IP Address ให้เครื่องในวงแลนอัตโนมัติ', 'เข้ารหัสข้อมูล', 'ป้องกันไวรัส', 'กระจายสัญญาณ', 'a', 1),
(125, 5, 'ควรทำอย่างไรเมื่อไม่ใช้งาน Wi-Fi หรือ Bluetooth?', 'เปิดทิ้งไว้เพื่อความสะดวก', 'ปิดสัญญาณ (Turn off) เพื่อลดความเสี่ยงในการถูกโจมตี', 'เพิ่มความแรงสัญญาณ', 'เปลี่ยนชื่อ', 'b', 1),
(126, 6, 'SQL Injection (SQLi) คือการโจมตีส่วนใด?', 'หน้าเว็บ HTML', 'ฐานข้อมูล (Database)', 'ไฟล์รูปภาพ', 'CSS', 'b', 1),
(127, 6, 'Payload ยอดฮิตของ SQL Injection คือข้อใด?', 'alert(\"Hi\")', '\' OR 1=1 --', '<?php echo \"hack\" ?>', '../etc/passwd', 'b', 1),
(128, 6, 'ผลลัพธ์ของการทำ SQL Injection คือ?', 'เข้าถึง แก้ไข หรือลบข้อมูลในฐานข้อมูลได้', 'เปลี่ยนสีหน้าเว็บ', 'ทำให้เมาส์ขยับเอง', 'เครื่องระเบิด', 'a', 1),
(129, 6, 'XSS ย่อมาจากอะไร?', 'Extra Style Sheets', 'Cross-Site Scripting', 'XML Site Support', 'X-ray Server Scan', 'b', 1),
(130, 6, 'การโจมตี XSS ทำงานอย่างไร?', 'ฝังโค้ด JavaScript อันตรายลงในหน้าเว็บเพื่อให้รันบนเครื่องผู้ใช้คนอื่น', 'ยิงถล่ม Server', 'เดารหัสผ่าน', 'ขโมยฐานข้อมูล', 'a', 1),
(131, 6, 'Reflected XSS มักมาในรูปแบบใด?', 'ลิงก์หลอกลวงที่แนบสคริปต์มาใน URL', 'ไฟล์ไวรัส', 'รูปภาพ', 'ฐานข้อมูล', 'a', 1),
(132, 6, 'Stored XSS ต่างจาก Reflected อย่างไร?', 'Stored XSS จะบันทึกสคริปต์ลงฐานข้อมูลและแสดงผลถาวร (เช่น ในคอมเมนต์)', 'Stored XSS ไม่อันตราย', 'Reflected ร้ายแรงกว่า', 'ไม่ต่างกัน', 'a', 1),
(133, 6, 'อันตรายหลักของ XSS คือการขโมยสิ่งใด?', 'รหัสผ่านในหัวสมอง', 'Session Cookies', 'RAM', 'CPU', 'b', 1),
(134, 6, 'CSRF (Cross-Site Request Forgery) คืออะไร?', 'การปลอมแปลงคำขอเพื่อหลอกให้ผู้ใช้ทำธุรกรรมโดยไม่รู้ตัว', 'การขโมยรหัสผ่าน', 'การแฮกเฟสบุ๊ค', 'การสแกนพอร์ต', 'a', 1),
(135, 6, 'Directory Traversal / Path Traversal ใช้สัญลักษณ์ใด?', '../ (Dot Dot Slash)', '//', '&&', '%%', 'a', 1),
(136, 6, 'LFI (Local File Inclusion) คือการโจมตีแบบใด?', 'หลอกให้ Server อ่านไฟล์ภายในเครื่องตัวเอง', 'หลอกให้ Server โหลดไฟล์จากเน็ต', 'หลอกให้ลบไฟล์', 'หลอกให้ปิดเครื่อง', 'a', 1),
(137, 6, 'วิธีป้องกัน SQL Injection ที่ดีที่สุดคือ?', 'ใช้ Prepared Statements (Parameterization)', 'ลบฐานข้อมูลทิ้ง', 'ใช้ Firewall', 'เปลี่ยนชื่อตาราง', 'a', 1),
(138, 6, 'วิธีป้องกัน XSS คือ?', 'Input Validation และ Output Encoding (Escaping)', 'ปิด JavaScript ใน Browser', 'เลิกทำเว็บ', 'ใช้ HTTPS', 'a', 1),
(139, 6, 'WAF ย่อมาจากอะไร?', 'Web Application Firewall', 'Wide Area Fence', 'Wireless Access Finder', 'Web Admin Function', 'a', 1),
(140, 6, 'Burp Suite คือเครื่องมือสำหรับทำอะไร?', 'ฟังเพลง', 'ทดสอบเจาะระบบเว็บ (Web Penetration Testing) และดักจับ Request', 'วาดรูป', 'พิมพ์งาน', 'b', 1),
(141, 6, 'SQLMap คือเครื่องมือสำหรับทำอะไร?', 'วาดแผนที่', 'เจาะช่องโหว่ SQL Injection อัตโนมัติ', 'จัดการฐานข้อมูล', 'สร้างเว็บ', 'b', 1),
(142, 6, 'Cookie ที่มี Flag \"HttpOnly\" ช่วยป้องกันอะไร?', 'ป้องกันไม่ให้ JavaScript เข้าถึง Cookie (ลดความเสี่ยง XSS)', 'ป้องกันการดักจับข้อมูล', 'ป้องกัน SQL Injection', 'ป้องกันไวรัส', 'a', 1),
(143, 6, 'Cookie ที่มี Flag \"Secure\" หมายความว่า?', 'ส่ง Cookie ผ่าน HTTPS เท่านั้น', 'ล็อก Cookie ไว้', 'Cookie ไม่มีวันหมดอายุ', 'ใครก็อ่านได้', 'a', 1),
(144, 6, 'Web Shell คืออะไร?', 'สคริปต์ (เช่น .php) ที่แฮกเกอร์อัปโหลดไปเพื่อใช้สั่งการ Server ระยะไกล', 'เปลือกหอย', 'หน้าเว็บสวยๆ', 'ระบบป้องกัน', 'a', 1),
(145, 6, 'Clickjacking คือการโจมตีแบบใด?', 'ซ้อน Layer ใสๆ บนหน้าเว็บหลอกให้ผู้ใช้กดปุ่มโดยไม่รู้ตัว', 'ขโมยเมาส์', 'กดรัวๆ', 'แฮกปุ่มคีย์บอร์ด', 'a', 1),
(146, 6, 'Brute Force Login ป้องกันได้ด้วยวิธีใด?', 'จำกัดจำนวนครั้งที่ล็อกอินผิด (Rate Limiting)', 'ไม่ใช้รหัสผ่าน', 'ซ่อนหน้าล็อกอิน', 'เปลี่ยนสีปุ่ม', 'a', 1),
(147, 6, 'IDOR (Insecure Direct Object References) คืออะไร?', 'การเข้าถึงข้อมูลคนอื่นโดยการเปลี่ยนเลข ID ใน URL', 'การแฮกด้วยบัตรประชาชน', 'การขโมย ID เกม', 'การลืมรหัสผ่าน', 'a', 1),
(148, 6, 'File Upload Vulnerability เกิดจากอะไร?', 'ไม่ตรวจสอบประเภทไฟล์ที่อัปโหลดให้ดีพอ', 'ไฟล์ใหญ่เกินไป', 'เน็ตช้า', 'ฮาร์ดดิสก์เต็ม', 'a', 1),
(149, 6, 'Error Message ของเว็บควรแสดงข้อมูลละเอียดแค่ไหน?', 'แสดงให้น้อยที่สุด (Generic Error) เพื่อไม่ให้ข้อมูลระบบรั่วไหล', 'แสดงโค้ดผิดพลาดทั้งหมด', 'แสดงโครงสร้างฐานข้อมูล', 'แสดงรหัสผ่านแอดมิน', 'a', 1),
(150, 6, 'URL Encoding ใช้เพื่ออะไร?', 'แปลงอักขระพิเศษให้ส่งผ่าน URL ได้อย่างปลอดภัย', 'เข้ารหัสลับ', 'บีบอัดข้อมูล', 'เปลี่ยนภาษา', 'a', 1),
(151, 7, 'PII ย่อมาจากอะไร?', 'Personal Internet Info', 'Personally Identifiable Information (ข้อมูลที่ระบุตัวบุคคลได้)', 'Public Information Index', 'Private ID Info', 'b', 1),
(152, 7, 'ข้อใด \"ไม่ใช่\" ข้อมูล PII?', 'เลขบัตรประชาชน', 'วันเกิด', 'จำนวนประชากรโลก', 'ที่อยู่บ้าน', 'c', 1),
(153, 7, 'Digital Footprint คืออะไร?', 'รอยเท้าดิจิทัลที่เกิดจากการใช้งานอินเทอร์เน็ตของเรา', 'รอยเท้าบนหน้าจอ', 'ยี่ห้อรองเท้า', 'สกุลเงินดิจิทัล', 'a', 1),
(154, 7, 'Passive Digital Footprint เกิดจาก?', 'สิ่งที่เราโพสต์เอง', 'ข้อมูลที่ถูกเก็บโดยที่เราไม่รู้ตัว (เช่น IP, พิกัด GPS)', 'การเดิน', 'การพิมพ์งาน', 'b', 1),
(155, 7, 'การโพสต์รูปตั๋วเครื่องบินลงโซเชียล มีความเสี่ยงอย่างไร?', 'คนรู้ว่าเรารวย', 'บาร์โค้ดอาจถูกสแกนเพื่อขโมยข้อมูลส่วนตัวหรือยกเลิกเที่ยวบิน', 'รูปไม่สวย', 'เพื่อนอิจฉา', 'b', 1),
(156, 7, 'Geotagging ในรูปถ่ายคืออะไร?', 'การระบุพิกัดสถานที่ถ่ายรูปลงในไฟล์ภาพ', 'การใส่แท็กเพื่อน', 'การใส่ฟิลเตอร์', 'การตัดต่อภาพ', 'a', 1),
(157, 7, 'Browser Incognito Mode (โหมดไม่ระบุตัวตน) ช่วยอะไร?', 'ช่วยให้ท่องเว็บโดยไม่เก็บประวัติและคุกกี้ในเครื่องเรา', 'ช่วยให้แฮกเกอร์มองไม่เห็น', 'ช่วยให้ ISP ไม่รู้ว่าเราทำอะไร', 'ช่วยให้โหลดเร็วขึ้น', 'a', 1),
(158, 7, 'PDPA คือกฎหมายเกี่ยวกับอะไร?', 'ลิขสิทธิ์', 'การคุ้มครองข้อมูลส่วนบุคคล', 'การกระทำผิดทางคอมพิวเตอร์', 'การเก็บภาษี', 'b', 1),
(159, 7, 'Doxing คือการกระทำใด?', 'การขุดคุ้ยข้อมูลส่วนตัวคนอื่นมาประจานในเน็ต', 'การต่อยมวย', 'การเลี้ยงสุนัข', 'การซ่อมเอกสาร', 'a', 1),
(160, 7, 'HaveIBeenPwned.com ใช้ทำอะไร?', 'ตรวจสอบว่าอีเมลหรือเบอร์โทรเราเคยหลุดในเหตุการณ์ Data Breach หรือไม่', 'โหลดเกม', 'ดูหนังฟรี', 'แฮกเฟสบุ๊ค', 'a', 1),
(161, 7, 'Sharenting คือพฤติกรรมใด?', 'การแชร์ไฟล์', 'พ่อแม่ที่ชอบโพสต์รูป/ข้อมูลลูกลงโซเชียลมากเกินไป', 'การแชร์หุ้น', 'การแชร์ค่าอาหาร', 'b', 1),
(162, 7, 'Metadata ของรูปภาพบอกอะไรได้บ้าง?', 'รุ่นกล้อง, วันเวลา, สถานที่ (GPS)', 'ชื่อคนในภาพ', 'อารมณ์คนถ่าย', 'ราคาขาย', 'a', 1),
(163, 7, 'สิทธิ์ \"Right to be forgotten\" คืออะไร?', 'สิทธิ์ที่จะลืมของไว้ที่บ้าน', 'สิทธิ์ในการขอให้ลบข้อมูลส่วนตัวออกจากระบบ', 'สิทธิ์ในการไม่จำรหัสผ่าน', 'สิทธิ์ในการไม่ไปโรงเรียน', 'b', 1),
(164, 7, 'ทำไมควรอ่าน Terms of Service ก่อนกดตกลง?', 'เพื่อฝึกภาษาอังกฤษ', 'เพื่อรู้ว่าแอปจะเอาข้อมูลเราไปทำอะไรบ้าง', 'เพื่อความสนุก', 'ไม่มีเหตุผล', 'b', 1),
(165, 7, 'ถ้าแอปไฟฉายขอสิทธิ์เข้าถึงรายชื่อผู้ติดต่อ (Contacts) ควรทำอย่างไร?', 'กดอนุญาตไปเลย', 'ไม่อนุญาต เพราะไม่จำเป็นต่อการทำงานของแอป', 'ลบแอปทิ้ง', 'ซื้อเครื่องใหม่', 'b', 1),
(166, 7, 'End-to-End Encryption (E2EE) ในแอปแชทดีอย่างไร?', 'แชทได้เร็วขึ้น', 'มีแค่ผู้ส่งและผู้รับเท่านั้นที่อ่านข้อความได้ (แม้แต่ผู้ให้บริการก็อ่านไม่ได้)', 'สติ๊กเกอร์เยอะขึ้น', 'แชทได้หลายคน', 'b', 1),
(167, 7, 'การยืนยันตัวตนด้วย \"บัตรประชาชน\" ส่งทางไลน์ มีความเสี่ยงไหม?', 'ไม่มี', 'เสี่ยงมาก หากไลน์หลุดหรือปลายทางเก็บไม่ดี', 'เสี่ยงนิดหน่อย', 'ปลอดภัยที่สุด', 'b', 1),
(168, 7, 'Cookie Tracking ใช้เพื่ออะไร?', 'ติดตามพฤติกรรมการท่องเว็บเพื่อยิงโฆษณา', 'ติดตามคนหาย', 'แจกขนม', 'ล้างเครื่อง', 'a', 1),
(169, 7, 'Oversharing คืออะไร?', 'การแบ่งปันน้ำใจ', 'การแชร์ข้อมูลส่วนตัวลงโซเชียลมากเกินความจำเป็น', 'การแชร์เน็ต', 'การแชร์หน้าจอ', 'b', 1),
(170, 7, 'Identity Theft คืออาชญากรรมแบบใด?', 'ขโมยกระเป๋าตังค์', 'การสวมรอยเป็นผู้อื่นโดยใช้ข้อมูลส่วนตัวที่ขโมยมา', 'ขโมยรถ', 'ขโมยโทรศัพท์', 'b', 1),
(171, 7, 'ทำไมควรหาอะไรมาปิดกล้อง Webcam เมื่อไม่ใช้งาน?', 'กันฝุ่น', 'ป้องกันมัลแวร์ประเภท RAT แอบส่อง', 'กันแสงเข้า', 'กันเลนส์แตก', 'b', 1),
(172, 7, 'Voice Assistant (Siri/Alexa) มีความเสี่ยงเรื่อง Privacy อย่างไร?', 'อาจแอบฟังและบันทึกเสียงสนทนาของเรา', 'พูดมาก', 'กินไฟ', 'เสียงไม่เพราะ', 'a', 1),
(173, 7, 'Data Breach หมายถึง?', 'ข้อมูลเต็ม', 'เหตุการณ์ข้อมูลรั่วไหลจากระบบ', 'การลบข้อมูล', 'การสำรองข้อมูล', 'b', 1),
(174, 7, 'Social Login (Login with Facebook/Google) มีข้อเสียคือ?', 'ใช้งานยาก', 'ถ้าบัญชีหลักโดนแฮก บัญชีอื่นที่เชื่อมไว้ก็อาจโดนด้วย', 'เสียเงิน', 'ช้า', 'b', 1),
(175, 7, 'วิธีกำจัดฮาร์ดดิสก์เก่าที่มีข้อมูลสำคัญที่ปลอดภัยที่สุดคือ?', 'โยนทิ้งถังขยะ', 'Format ธรรมดา', 'ทำลายทางกายภาพ (เจาะ/ทุบ) หรือใช้โปรแกรมเขียนทับหลายรอบ (Wipe)', 'บริจาคเลย', 'c', 1);

-- --------------------------------------------------------

--
-- Table structure for table `quizzes`
--

CREATE TABLE `quizzes` (
  `qui_id` int(11) NOT NULL,
  `les_id` int(11) NOT NULL COMMENT 'FK เชื่อมไปตาราง lessons',
  `qui_title` varchar(200) NOT NULL,
  `qui_created_at` datetime DEFAULT current_timestamp()
) ENGINE=InnoDB DEFAULT CHARSET=utf8mb4 COLLATE=utf8mb4_general_ci;

--
-- Dumping data for table `quizzes`
--

INSERT INTO `quizzes` (`qui_id`, `les_id`, `qui_title`, `qui_created_at`) VALUES
(1, 1, 'แบบทดสอบบทที่ 1: ความรู้พื้นฐาน Cyber Security', '2026-01-07 21:34:33'),
(2, 2, 'แบบทดสอบบทที่ 2: รหัสผ่านและ Authentication', '2026-01-07 21:34:33'),
(3, 3, 'แบบทดสอบบทที่ 3: Phishing และ Social Engineering', '2026-01-07 21:34:33'),
(4, 4, 'แบบทดสอบบทที่ 4: ประเภทของ Malware', '2026-01-07 21:34:33'),
(5, 5, 'แบบทดสอบบทที่ 5: ความปลอดภัยเครือข่าย', '2026-01-07 21:34:33'),
(6, 6, 'แบบทดสอบบทที่ 6: ความปลอดภัยเว็บไซต์ (Web Hacking)', '2026-01-07 21:34:33'),
(7, 7, 'แบบทดสอบบทที่ 7: การปกป้องข้อมูลส่วนบุคคล', '2026-01-07 21:34:33');

-- --------------------------------------------------------

--
-- Table structure for table `quiz_attempts`
--

CREATE TABLE `quiz_attempts` (
  `att_id` int(11) NOT NULL,
  `use_id` int(11) NOT NULL COMMENT 'ใครเป็นคนสอบ',
  `qui_id` int(11) NOT NULL COMMENT 'สอบวิชาอะไร',
  `att_score` int(11) NOT NULL COMMENT 'คะแนนที่ได้',
  `att_full_score` int(11) NOT NULL COMMENT 'คะแนนเต็ม ณ เวลานั้น',
  `att_date` datetime DEFAULT current_timestamp()
) ENGINE=InnoDB DEFAULT CHARSET=utf8mb4 COLLATE=utf8mb4_general_ci;

--
-- Dumping data for table `quiz_attempts`
--

INSERT INTO `quiz_attempts` (`att_id`, `use_id`, `qui_id`, `att_score`, `att_full_score`, `att_date`) VALUES
(20, 5, 1, 24, 25, '2026-01-27 14:32:31'),
(21, 5, 2, 23, 25, '2026-01-27 14:36:12'),
(22, 5, 3, 1, 25, '2026-01-27 14:49:27'),
(23, 1, 1, 19, 25, '2026-01-28 12:26:00'),
(24, 1, 2, 23, 25, '2026-01-28 12:27:23'),
(25, 1, 3, 24, 25, '2026-01-28 12:28:31'),
(26, 1, 4, 25, 25, '2026-01-28 12:30:11'),
(27, 1, 5, 23, 25, '2026-01-28 12:30:54'),
(28, 1, 6, 23, 25, '2026-01-28 12:31:43'),
(29, 1, 7, 24, 25, '2026-01-28 12:32:25'),
(30, 11, 1, 15, 25, '2026-01-28 13:14:25'),
(31, 11, 2, 23, 25, '2026-01-28 13:18:49'),
(32, 11, 3, 22, 25, '2026-01-28 13:20:21'),
(33, 1, 1, 3, 25, '2026-01-28 14:36:40'),
(34, 1, 1, 13, 25, '2026-01-28 14:46:18'),
(35, 1, 5, 7, 25, '2026-01-28 14:48:33');

-- --------------------------------------------------------

--
-- Table structure for table `simulations`
--

CREATE TABLE `simulations` (
  `sim_id` int(11) NOT NULL,
  `sim_title` varchar(200) NOT NULL,
  `sim_desc` text NOT NULL,
  `sim_file_path` varchar(255) NOT NULL COMMENT 'ชื่อไฟล์ View หรือ URL ของหน้า Lab',
  `sim_created_at` datetime DEFAULT current_timestamp()
) ENGINE=InnoDB DEFAULT CHARSET=utf8mb4 COLLATE=utf8mb4_general_ci;

--
-- Dumping data for table `simulations`
--

INSERT INTO `simulations` (`sim_id`, `sim_title`, `sim_desc`, `sim_file_path`, `sim_created_at`) VALUES
(1, 'Lab 1: จับผิด Phishing Email', 'คุณจะแยกออกหรือไม่ว่าอีเมลฉบับไหนเป็นของจริง หรือของปลอมที่แฮกเกอร์ส่งมา?', 'phishing', '2025-12-01 14:30:10'),
(2, 'Lab 2: เจาะระบบด้วย SQL Injection', 'ภารกิจ: ล็อกอินเข้าสู่ระบบ Admin ให้ได้ โดยที่คุณไม่รู้รหัสผ่าน แต่ต้องใช้ช่องโหว่ของภาษา SQL แทน', 'sqli_login', '2025-12-14 17:13:55'),
(3, 'Lab 3: Cross-Site Scripting (XSS)', 'ภารกิจ: ฝังโค้ดอันตรายลงในหน้าเว็บสมุดเยี่ยมชม เพื่อขโมย Cookie ของผู้ใช้งานคนอื่น', 'xss_playground', '2025-12-14 17:47:15'),
(4, 'Lab 4: Path Traversal & LFI', 'ภารกิจ: เจาะระบบแกลเลอรี่รูปภาพ โดยใช้เทคนิค Path Traversal (../) เพื่อขโมยไฟล์ความลับของ Server Linux (/etc/passwd)', 'lfi_gallery', '2025-12-14 18:00:51'),
(5, 'Lab 5: Remote File Inclusion (RFI)', 'ภารกิจ: หลอกให้เว็บไซต์ไปดาวน์โหลดไฟล์ phpinfo.php จากเครื่อง Server ของแฮกเกอร์มารันบนหน้าเว็บ', 'rfi_notes', '2025-12-14 18:18:51'),
(6, 'Lab 6: Password Brute Force', 'ภารกิจ: ปลดล็อกไฟล์ปริศนา โดยการใช้ Python Script ยิงรหัสผ่าน (Brute Force) จนกว่าจะเจอ PIN 4 หลักที่ถูกต้อง', 'brute_force', '2025-12-23 07:50:21'),
(7, 'Lab 7: Command Injection', 'ภารกิจ: เว็บนี้มีเครื่องมือ Ping ทดสอบอินเทอร์เน็ต ลองหาทางแทรกคำสั่ง OS เพื่อดูรายชื่อไฟล์ใน Server (ls)', 'cmd_injection', '2025-12-25 06:55:48'),
(8, 'Lab 8: IDOR (แอบดูข้อมูล)', 'ภารกิจ: คุณกำลังดูโปรไฟล์ของตัวเองอยู่ ลองเปลี่ยนค่า ID ใน URL เพื่อแอบดูเงินเดือนของ CEO ดูสิ', 'idor_profile', '2025-12-25 06:55:48'),
(9, 'Lab 9: Web Shell Upload & Execute', 'ภารกิจ: สวมบทแฮกเกอร์เขียนโค้ด PHP Web Shell ด้วยตัวเอง อัปโหลดขึ้น Server และสั่งรันคำสั่ง System Command ผ่าน URL เพื่อยึดครองระบบ', 'upload_hack', '2025-12-25 06:55:48'),
(10, 'Lab 10: Cookie Manipulation', 'ภารกิจ: เว็บไซต์ใช้ Cookie ระบุสถานะ User ลองแก้ Cookie เพื่อหลอก Server ว่าเราคือ Admin', 'cookie_hack', '2025-12-25 06:55:48'),
(11, 'Lab 11: Business Logic Flaw', 'ภารกิจ: ซื้อสินค้าลับระดับ Super Rare ราคา 100,000 บาท ด้วยงบที่มีเพียง 100 บาท โดยการดักจับและแก้ไขพารามิเตอร์ราคาสินค้า (Parameter Tampering)', 'logic_flaw', '2026-01-07 21:40:50'),
(12, 'Lab 12: EternalBlue (MS17-010)', 'ภารกิจระดับสูง: เจาะระบบ Windows 7 ผ่านช่องโหว่ SMB, ฝัง Backdoor และขโมยรหัสผ่านด้วย Metasploit Framework', 'eternalblue_sim', '2026-01-27 13:00:21');

-- --------------------------------------------------------

--
-- Table structure for table `tickets`
--

CREATE TABLE `tickets` (
  `tic_id` int(11) NOT NULL,
  `use_id` int(11) NOT NULL COMMENT 'ใครแจ้ง',
  `tic_subject` varchar(200) NOT NULL,
  `tic_message` text NOT NULL,
  `tic_status` enum('pending','resolved') DEFAULT 'pending',
  `tic_created_at` datetime DEFAULT current_timestamp()
) ENGINE=InnoDB DEFAULT CHARSET=utf8mb4 COLLATE=utf8mb4_general_ci;

-- --------------------------------------------------------

--
-- Table structure for table `users`
--

CREATE TABLE `users` (
  `use_id` int(11) NOT NULL,
  `use_username` varchar(50) NOT NULL,
  `use_password` varchar(255) NOT NULL COMMENT 'เก็บรหัสผ่านที่เข้ารหัสแล้ว',
  `use_name` varchar(100) NOT NULL COMMENT 'ชื่อ-นามสกุล',
  `use_email` varchar(100) NOT NULL,
  `use_role` enum('admin','user') DEFAULT 'user' COMMENT 'สิทธิ์การใช้งาน',
  `use_avatar` varchar(255) DEFAULT 'default.png' COMMENT 'รูปโปรไฟล์',
  `use_created_at` datetime DEFAULT current_timestamp()
) ENGINE=InnoDB DEFAULT CHARSET=utf8mb4 COLLATE=utf8mb4_general_ci;

--
-- Dumping data for table `users`
--

INSERT INTO `users` (`use_id`, `use_username`, `use_password`, `use_name`, `use_email`, `use_role`, `use_avatar`, `use_created_at`) VALUES
(1, 'admin', '$2y$10$TdvhtOrKBRzTkg90RZDJs.TxCv7.GT2W9c23y3OZeaNmwKKIjJUXa', 'admin', 'admin1@admin.com', 'admin', '1769574412_01eb672fa54ebc36a0ef.webp', '2026-01-27 14:56:28'),
(5, 'puttiset_22', '$2y$10$yCn5eo9lfUYkTuW4/l/Px.czshGr9VxfIXP7Q5mHkJvtHTppSyhry', 'พุฒิเสฏฐ์ ขัติศรี', 'puttiset@gmail.com', 'user', 'default.png', '2026-01-27 14:29:19'),
(6, 'aom888', '$2y$10$W9xa7blPSa9AWNDUKaHate8ufybjHtsLLFEA87Aa.whkE2AxOXfXe', 'aom', '60201880008@ctc.ac.th', 'user', '1769506822_4e1d69686c380e57e378.jpg', '2026-01-27 14:30:59'),
(8, 'lilyhana', '$2y$10$zIes4FJmOUfM7bG0ccCw9OBKlx.GaMTl6JP99v0jnxad95c5m5R9S', 'อัมรินทร์ ธรรมกาศ', 'ammarin.t@gmail.com', 'user', 'default.png', '2026-01-27 15:15:30'),
(9, 'Uei', '$2y$10$T3K.F7mQfQAEKEd5qLkYUeMhrd7sDJMiE2e3huL/gMNDsWbad9fTW', 'สตีเว่น ฮากิ้น', 'steven@gmail.com', 'user', 'default.png', '2026-01-27 15:29:07'),
(10, 'Test', '$2y$10$wMFhsx6pBDpkoFCp0r4qqeEYY5uoUBODNI4MkH7zX9iBNucH6gNGO', 'ทดสอบ ', 'pppqqq000@gmail.com', 'user', 'default.png', '2026-01-28 12:57:44'),
(11, 'Kam666', '$2y$10$1xdxd11MhSFbj7YBtMKbOeTwMxWM2n6JcYYJQJtMEBI2FtqIgcA/K', 'กัมปนาท ใหม่นา', 'kampanart@gmail.com', 'user', '1769580453_53051695a5a63642687a.jpg', '2026-01-28 13:05:38');

--
-- Indexes for dumped tables
--

--
-- Indexes for table `lessons`
--
ALTER TABLE `lessons`
  ADD PRIMARY KEY (`les_id`);

--
-- Indexes for table `questions`
--
ALTER TABLE `questions`
  ADD PRIMARY KEY (`que_id`),
  ADD KEY `fk_questions_quizzes` (`qui_id`);

--
-- Indexes for table `quizzes`
--
ALTER TABLE `quizzes`
  ADD PRIMARY KEY (`qui_id`),
  ADD KEY `fk_quizzes_lessons` (`les_id`);

--
-- Indexes for table `quiz_attempts`
--
ALTER TABLE `quiz_attempts`
  ADD PRIMARY KEY (`att_id`),
  ADD KEY `fk_attempts_users` (`use_id`),
  ADD KEY `fk_attempts_quizzes` (`qui_id`);

--
-- Indexes for table `simulations`
--
ALTER TABLE `simulations`
  ADD PRIMARY KEY (`sim_id`);

--
-- Indexes for table `tickets`
--
ALTER TABLE `tickets`
  ADD PRIMARY KEY (`tic_id`),
  ADD KEY `fk_tickets_users` (`use_id`);

--
-- Indexes for table `users`
--
ALTER TABLE `users`
  ADD PRIMARY KEY (`use_id`);

--
-- AUTO_INCREMENT for dumped tables
--

--
-- AUTO_INCREMENT for table `lessons`
--
ALTER TABLE `lessons`
  MODIFY `les_id` int(11) NOT NULL AUTO_INCREMENT, AUTO_INCREMENT=9;

--
-- AUTO_INCREMENT for table `questions`
--
ALTER TABLE `questions`
  MODIFY `que_id` int(11) NOT NULL AUTO_INCREMENT, AUTO_INCREMENT=176;

--
-- AUTO_INCREMENT for table `quizzes`
--
ALTER TABLE `quizzes`
  MODIFY `qui_id` int(11) NOT NULL AUTO_INCREMENT, AUTO_INCREMENT=8;

--
-- AUTO_INCREMENT for table `quiz_attempts`
--
ALTER TABLE `quiz_attempts`
  MODIFY `att_id` int(11) NOT NULL AUTO_INCREMENT, AUTO_INCREMENT=36;

--
-- AUTO_INCREMENT for table `simulations`
--
ALTER TABLE `simulations`
  MODIFY `sim_id` int(11) NOT NULL AUTO_INCREMENT, AUTO_INCREMENT=13;

--
-- AUTO_INCREMENT for table `tickets`
--
ALTER TABLE `tickets`
  MODIFY `tic_id` int(11) NOT NULL AUTO_INCREMENT, AUTO_INCREMENT=9;

--
-- AUTO_INCREMENT for table `users`
--
ALTER TABLE `users`
  MODIFY `use_id` int(11) NOT NULL AUTO_INCREMENT, AUTO_INCREMENT=12;

--
-- Constraints for dumped tables
--

--
-- Constraints for table `questions`
--
ALTER TABLE `questions`
  ADD CONSTRAINT `fk_questions_quizzes` FOREIGN KEY (`qui_id`) REFERENCES `quizzes` (`qui_id`) ON DELETE CASCADE ON UPDATE CASCADE;

--
-- Constraints for table `quizzes`
--
ALTER TABLE `quizzes`
  ADD CONSTRAINT `fk_quizzes_lessons` FOREIGN KEY (`les_id`) REFERENCES `lessons` (`les_id`) ON DELETE CASCADE ON UPDATE CASCADE;

--
-- Constraints for table `quiz_attempts`
--
ALTER TABLE `quiz_attempts`
  ADD CONSTRAINT `fk_attempts_quizzes` FOREIGN KEY (`qui_id`) REFERENCES `quizzes` (`qui_id`) ON DELETE CASCADE ON UPDATE CASCADE,
  ADD CONSTRAINT `fk_attempts_users` FOREIGN KEY (`use_id`) REFERENCES `users` (`use_id`) ON DELETE CASCADE ON UPDATE CASCADE;

--
-- Constraints for table `tickets`
--
ALTER TABLE `tickets`
  ADD CONSTRAINT `fk_tickets_users` FOREIGN KEY (`use_id`) REFERENCES `users` (`use_id`) ON DELETE CASCADE ON UPDATE CASCADE;
COMMIT;

/*!40101 SET CHARACTER_SET_CLIENT=@OLD_CHARACTER_SET_CLIENT */;
/*!40101 SET CHARACTER_SET_RESULTS=@OLD_CHARACTER_SET_RESULTS */;
/*!40101 SET COLLATION_CONNECTION=@OLD_COLLATION_CONNECTION */;
